/*
SQLyog Ultimate v11.11 (64 bit)
MySQL - 5.7.16-0ubuntu0.16.04.1 : Database - fuel
*********************************************************************
*/

/*!40101 SET NAMES utf8 */;

/*!40101 SET SQL_MODE=''*/;

/*!40014 SET @OLD_UNIQUE_CHECKS=@@UNIQUE_CHECKS, UNIQUE_CHECKS=0 */;
/*!40014 SET @OLD_FOREIGN_KEY_CHECKS=@@FOREIGN_KEY_CHECKS, FOREIGN_KEY_CHECKS=0 */;
/*!40101 SET @OLD_SQL_MODE=@@SQL_MODE, SQL_MODE='NO_AUTO_VALUE_ON_ZERO' */;
/*!40111 SET @OLD_SQL_NOTES=@@SQL_NOTES, SQL_NOTES=0 */;
CREATE DATABASE /*!32312 IF NOT EXISTS*/`fuel` /*!40100 DEFAULT CHARACTER SET utf8 COLLATE utf8_general_mysql500_ci */;

USE `fuel`;

/*Table structure for table `gasstations` */

DROP TABLE IF EXISTS `gasstations`;

CREATE TABLE `gasstations` (
  `gasStationID` smallint(5) unsigned NOT NULL,
  `gasStationLat` decimal(10,7) DEFAULT NULL,
  `gasStationLong` decimal(10,7) DEFAULT NULL,
  `fuelCompID` tinyint(4) NOT NULL,
  `fuelCompNormalName` varchar(45) COLLATE utf8_general_mysql500_ci NOT NULL,
  `gasStationOwner` varchar(128) COLLATE utf8_general_mysql500_ci NOT NULL,
  `ddID` varchar(10) COLLATE utf8_general_mysql500_ci NOT NULL,
  `ddNormalName` varchar(45) COLLATE utf8_general_mysql500_ci NOT NULL,
  `municipalityID` varchar(10) COLLATE utf8_general_mysql500_ci NOT NULL,
  `municipalityNormalName` varchar(45) COLLATE utf8_general_mysql500_ci NOT NULL,
  `countyID` varchar(10) COLLATE utf8_general_mysql500_ci NOT NULL,
  `countyName` varchar(64) COLLATE utf8_general_mysql500_ci NOT NULL,
  `gasStationAddress` varchar(255) COLLATE utf8_general_mysql500_ci DEFAULT NULL,
  `phone1` char(10) COLLATE utf8_general_mysql500_ci DEFAULT NULL,
  `username` varchar(45) COLLATE utf8_general_mysql500_ci NOT NULL,
  PRIMARY KEY (`gasStationID`),
  KEY `fk_gasstation_user` (`username`),
  CONSTRAINT `fk_gasstation_user` FOREIGN KEY (`username`) REFERENCES `users` (`username`) ON DELETE CASCADE ON UPDATE CASCADE
) ENGINE=InnoDB DEFAULT CHARSET=utf8 COLLATE=utf8_general_mysql500_ci;

/*Data for the table `gasstations` */

insert  into `gasstations`(`gasStationID`,`gasStationLat`,`gasStationLong`,`fuelCompID`,`fuelCompNormalName`,`gasStationOwner`,`ddID`,`ddNormalName`,`municipalityID`,`municipalityNormalName`,`countyID`,`countyName`,`gasStationAddress`,`phone1`,`username`) values (441,39.6337420,22.4324412,6,'AVIN','ΜΑΚΡΑΙΩΝ Α.Ε. ΥΠΟΚ/ΜΑ Νο 53','42010100','Δ.Δ. Λαρίσης','42010000','ΛΑΡΙΣΑΣ','42000000','ΛΑΡΙΣΗΣ','ΒΟΛΟΥ 22-24 ΛΑΡΙΣΑ',NULL,'user1'),(442,39.6263739,22.4737532,3,'SHELL','ΕΡΜΗΣ ΑΕΜΕΕ ΥΠ/ΜΑ ΛΑΡΙΣΑΣ','42010100','Δ.Δ. Λαρίσης','42010000','ΛΑΡΙΣΑΣ','42000000','ΛΑΡΙΣΗΣ','5 ΧΛΜ. ΠΕΟ ΛΑΡΙΣΑΣ-ΒΟΛΟΥ, ΛΑΡΙΣΑ','2410579511','user2'),(443,39.6603074,22.4404827,7,'AEGEAN','ΤΕΜΕΤΕΡΟΝ Ε.Π.Ε.','42010100','Δ.Δ. Λαρίσης','42010000','ΛΑΡΙΣΑΣ','42000000','ΛΑΡΙΣΗΣ','3o ΧΛΜ ΛΑΡΙΣΑΣ-ΘΕΣΣΑΛΟΝΙΚΗΣ','2410289901','user3'),(444,39.6585106,22.4053986,7,'AEGEAN','ΤΕΜΕΤΕΡΟΝ ΕΠΕ ΛΑΡΙΣΑΣ 2','42010100','Δ.Δ. Λαρίσης','42010000','ΛΑΡΙΣΑΣ','42000000','ΛΑΡΙΣΗΣ','3 ΧΛΜ ΛΑΡΙΣΑΣ ΤΥΡΝΑΒΟΥ',NULL,'user4'),(445,39.5999322,22.4361581,6,'AVIN','ΑΦΟΙ ΒΕΡΟΠΟΥΛΟΙ ΑΕΒΕ - ΛΑΡΙΣΑ','42010100','Δ.Δ. Λαρίσης','42010000','ΛΑΡΙΣΑΣ','42000000','ΛΑΡΙΣΗΣ','ΛΑΡΙΣΗΣ ΤΡΙΚΑΛΩΝ ΛΑΡΙΣΗΣ ΦΑΡΣΑΛΩΝ',NULL,'user5'),(446,39.6226569,22.4259921,6,'AVIN','ΜΑΚΡΑΙΩΝ Α.Ε. (ΥΠΟΚ/ΜΑ: 23)','42010100','Δ.Δ. Λαρίσης','42010000','ΛΑΡΙΣΑΣ','42000000','ΛΑΡΙΣΗΣ','ΦΑΡΣΑΛΩΝ 99 ΛΑΡΙΣΑ',NULL,'user6'),(447,39.6148882,22.4303055,3,'SHELL','ΕΡΜΗΣ ΑΕΜΕΕ ΥΠ/ΜΑ ΛΑΡΙΣΑΣ 2','42010100','Δ.Δ. Λαρίσης','42010000','ΛΑΡΙΣΑΣ','42000000','ΛΑΡΙΣΗΣ','Φαρσάλων 140','2410617534','user7'),(448,39.6343568,22.4303847,8,'EKO','ΔΡΑΜH Κ. ΑΦΟΙ Ο.Ε.','42010100','Δ.Δ. Λαρίσης','42010000','ΛΑΡΙΣΑΣ','42000000','ΛΑΡΙΣΗΣ','ΒΟΛΟΥ 12, ΛΑΡΙΣΑ',NULL,'user8'),(449,39.6325901,22.4263729,3,'SHELL','ΕΡΜΗΣ ΑΕΜΕΕ ΥΠ/ΜΑ ΛΑΡΙΣΑΣ 3','42010100','Δ.Δ. Λαρίσης','42010000','ΛΑΡΙΣΑΣ','42000000','ΛΑΡΙΣΗΣ','ΗΡΩΩΝ ΠΟΛΥΤΕΧΝΕΙΟΥ 110','2410230107','user9'),(450,39.6639191,22.4435887,3,'SHELL','ΕΡΜΗΣ ΑΕΜΕΕ ΥΠ/ΜΑ ΛΑΡΙΣΑΣ 1','42010100','Δ.Δ. Λαρίσης','42010000','ΛΑΡΙΣΑΣ','42000000','ΛΑΡΙΣΗΣ','4ο ΧΛΜ Ε.Ο ΛΑΡΙΣΗΣ - ΘΕΣ/ΚΗΣ, ΛΑΡΙΣΑ','2410555229','user10'),(451,39.6257039,22.4104497,10,'BP','ΕΛΙΣΑΒΕΤ Α. ΠΑΠΑΔΟΠΟΥΛΟΥ','42010100','Δ.Δ. Λαρίσης','42010000','ΛΑΡΙΣΑΣ','42000000','ΛΑΡΙΣΗΣ','ΚΑΡΔΙΤΣΗΣ 92 ΛΑΡΙΣΑ',NULL,'user11'),(452,39.6427544,22.4201253,8,'EKO','ΑΦΟΙ ΑΣΤ. ΔΡΑΜΗ ΟΕ','42010100','Δ.Δ. Λαρίσης','42010000','ΛΑΡΙΣΑΣ','42000000','ΛΑΡΙΣΗΣ','ΓΕΩΡΓΙΑΔΟΥ 28','2410538447','user12'),(453,39.6230504,22.4084430,3,'SHELL','ΤΟΥΡΣΟΥΝΙΔΗΣ ΚΙ & ΣΙΑ ΟΕ','42010100','Δ.Δ. Λαρίσης','42010000','ΛΑΡΙΣΑΣ','42000000','ΛΑΡΙΣΗΣ','ΚΑΡΔΙΤΣΗΣ ΚΑΙ ΡΙΖΑΡΗ ΓΩΝΙΑ','2410620678','user13'),(454,39.6264774,22.3973420,3,'SHELL','ΕΡΜΗΣ ΑΕΜΕΕ ΥΠ/ΜΑ ΛΑΡΙΣΑΣ 5','42010100','Δ.Δ. Λαρίσης','42010000','ΛΑΡΙΣΑΣ','42000000','ΛΑΡΙΣΗΣ','ΠΡΩΤΗΣ ΜΕΡΑΡΧΙΑΣ 2 ΛΑΡΙΣΑ','2410670310','user14'),(455,39.6416019,22.4308027,3,'SHELL','ΕΡΜΗΣ ΑΕΜΕΕ ΥΠ/ΜΑ ΛΑΡΙΣΑΣ 6','42010100','Δ.Δ. Λαρίσης','42010000','ΛΑΡΙΣΑΣ','42000000','ΛΑΡΙΣΗΣ','ΑΓΙΑΣ 64 & ΧΑΤΖΗΓΙΑΝΝΗ ΛΑΡΙΣΑ','2410230561','user15'),(456,39.6261849,22.4321588,10,'BP','ΑΦΟΙ ΓΑΛΑΤΣΙΔΑ & ΣΙΑ Ο.Ε.','42010100','Δ.Δ. Λαρίσης','42010000','ΛΑΡΙΣΑΣ','42000000','ΛΑΡΙΣΗΣ','1ο ΧΛΜ. ΛΑΡΙΣΑΣ - ΑΘΗΝΩΝ',NULL,'user16'),(457,39.5476279,22.4692001,10,'BP','ΕΛΕΝΗ ΚΑΡΠΟΥΖΑ & ΣΙΑ Ο.Ε.','42010100','Δ.Δ. Λαρίσης','42010000','ΛΑΡΙΣΑΣ','42000000','ΛΑΡΙΣΗΣ','11ο Χιλ.ΛΑΡΙΣΑΣ-ΦΑΡΣΑΛΩΝ',NULL,'user17'),(458,39.6834131,22.6323552,9,'REVOIL','ΣΙΩΧΑΣ ΒΑΣΙΛΕΙΟΣ(ΥΠΟΚ.)','42020100','Δ.Δ. Αγιάς','42020000','ΑΓΙΑΣ','42000000','ΛΑΡΙΣΗΣ','22ο ΧΛΜ ΕΟ ΛΑΡΙΣΑΣ-ΑΓΙΑΣ','2494071397','user18'),(460,39.7111868,22.7459242,9,'REVOIL','ΠΕΡΓΕΛΕΣ ΑΘΑΝΑΣΙΟΣ','42020100','Δ.Δ. Αγιάς','42020000','ΑΓΙΑΣ','42000000','ΛΑΡΙΣΗΣ','1ο χιλ.ΑΓΙΑΣ-ΛΑΡΙΣΗΣ','2494023281','user19'),(461,39.6894286,22.6925292,10,'BP','ΧΡΙΣΤΟΥΛΑΣ ΒΑΣΙΛΕΙΟΣ ΚΑΙ ΣΙΑ Ο.Ε.','42020400','Δ.Δ. Γερακαρίου','42020000','ΑΓΙΑΣ','42000000','ΛΑΡΙΣΗΣ','ΓΕΡΑΚΑΡΙ ΑΓΙΑΣ',NULL,'user20'),(463,39.6655365,22.3933465,6,'AVIN','ΤΡΑΓΑΚΗΣ ΓΕΩΡΓΙΟΣ','42060100','Δ.Δ. Γιάννουλης','42060000','ΓΙΑΝΝΟΥΛΗΣ','42000000','ΛΑΡΙΣΗΣ','ΚΟΖΑΝΗΣ 39Ε ΓΙΑΝΝΟΥΛΗ, ΛΑΡΙΣΑ',NULL,'user21'),(464,39.6981012,22.8760305,8,'EKO','ΚΑΤΕΛΑΣ ΑΝΤΩΝΙΟΣ','42180300','Δ.Δ. Σκήτης','42180000','ΜΕΛΙΒΟΙΑΣ','42000000','ΛΑΡΙΣΗΣ','ΑΓΙΟΚΑΜΠΟΣ ΛΑΡΙΣΑΣ','2494051225','user22'),(465,39.8142752,22.5071364,8,'EKO','ΕΚΟ ΚΑΛΥΨΩ Νο 37 ΛΑΡΙΣΑ','42200100','Δ.Δ. Συκουρίου','42200000','ΝΕΣΣΩΝΟΣ','42000000','ΛΑΡΙΣΗΣ','376+600 χλμ Ε.Ο. Αθηνών Θεσ/νίκης αριστερά, Συκούρι Λαρίσης',NULL,'user23'),(466,39.8150046,22.5086278,8,'EKO','ΕΚΟ ΚΑΛΥΨΩ Νο 36 ΛΑΡΙΣΑ','42200100','Δ.Δ. Συκουρίου','42200000','ΝΕΣΣΩΝΟΣ','42000000','ΛΑΡΙΣΗΣ','376+600 χλμ Ε.Ο. Αθηνών Θεσ/νίκης δεξιά, Συκούρι Λαρίσης',NULL,'user24'),(467,39.5600657,22.4655919,10,'BP','ΑΓΡΟΤΙΚΟΣ ΣΥΝΕΤΑΙΣΡΙΣΜΟΣ ΝΙΚΑΙΑΣ','42210100','Δ.Δ. Νικαίας','42210000','ΝΙΚΑΙΑΣ','42000000','ΛΑΡΙΣΗΣ','ΝΙΚΑΙΑ ΛΑΡΙΣΑΣ',NULL,'user25'),(468,39.9868358,22.2496687,11,'ΕΛΙΝΟΙΛ','ΑΣΣΙΧΙΔΗΣ ΝΙΚΟΛΑΟΣ','42220500','Δ.Δ. Ολυμπιάδος','42220000','ΟΛΥΜΠΟΥ','42000000','ΛΑΡΙΣΗΣ','ΟΛΥΜΠΙΑΔΑ ΕΛΑΣΣΟΝΑΣ','2493061324','user26'),(469,39.3483089,22.3280695,9,'REVOIL','Τουρμούσογλου Αγγέλικα','42240100','Δ.Δ. Βαμβακούς','42240000','ΠΟΛΥΔΑΜΑΝΤΑ','42000000','ΛΑΡΙΣΗΣ','ΛΟΦΟΣ - ΦΑΡΣΑΛΩΝ','2491071237','user27'),(470,39.9960538,22.0819103,7,'AEGEAN','ΚΑΤΣΑΡΑ ΧΡΥΣΟΥΛΑ','42260200','Δ.Δ. Αζώρου (Βουβάλας)','42260000','ΣΑΡΑΝΤΑΠΟΡΟΥ','42000000','ΛΑΡΙΣΗΣ','ΑΖΩΡΟΣ ΕΛΑΣΣΟΝΑΣ ΛΑΡΙΣΗΣ','2493082331','user28'),(471,39.7504219,22.2863484,1,'Α.Π.','Σιαίνης Ο. - Καρατσόλης Ν. Ο.Ε.','42270100','Δ.Δ. Τυρνάβου','42270000','ΤΥΡΝΑΒΟΥ','42000000','ΛΑΡΙΣΗΣ','ΕΙΡΗΝΗΣ ΤΕΡΜΑ - ΤΥΡΝΑΒΟΣ - ΛΑΡΙΣΑ',NULL,'user29'),(472,39.2953464,22.5824826,11,'ΕΛΙΝΟΙΛ','ΑΛΜΥΡΙΩΤΗΣ ΧΡΗΣΤΟΣ','42280100','Δ.Δ. Φαρσάλων','42280000','ΦΑΡΣΑΛΩΝ','42000000','ΛΑΡΙΣΗΣ','ΠΑΛΑΙΟΜΥΛΟΣ ΦΑΡΣΑΛΩΝ -ΛΑΡΙΣΑ','2491051129','user30'),(1647,39.6276608,22.4321967,5,'ΕΤΕΚΑ','ΧΑΝΤΖΟΠΛΑΚΗΣ ΑΠ.& ΑΡ. ΕΠΕ','42010100','Δ.Δ. Λαρίσης','42010000','ΛΑΡΙΣΑΣ','42000000','ΛΑΡΙΣΗΣ','ΧΑΝΤΖΟΠΛΑΚΗΣ 1οΧΜ. ΠΕΟ ΛΑΡΙΣΑΣ-ΑΘΗΝΩΝ',NULL,'user31'),(1648,39.6238983,22.4091667,17,'KAOIL','ΠΑΝΑΓΙΩΤΑ ΠΟΠΟΤΗ','42010100','Δ.Δ. Λαρίσης','42010000','ΛΑΡΙΣΑΣ','42000000','ΛΑΡΙΣΗΣ','ΚΑΡΔΙΤΣΗΣ 103 ΛΑΡΙΣΑ',NULL,'user32'),(1649,39.6328154,22.4392302,8,'EKO','ΠΟΥΡΙΚΑΣ ΑΝΑΣΤΑΣΙΟΣ','42010100','Δ.Δ. Λαρίσης','42010000','ΛΑΡΙΣΑΣ','42000000','ΛΑΡΙΣΗΣ','ΒΟΛΟΥ 65, ΛΑΡΙΣΑ','2410232024','user33'),(1650,39.6303835,22.4145085,16,'ΑΡΓΩ','ΝΙΚΟΛΑΟΣ ΔΕΜΠΕΛΑΣ & ΣΙΑ Ο.Ε','42010100','Δ.Δ. Λαρίσης','42010000','ΛΑΡΙΣΑΣ','42000000','ΛΑΡΙΣΗΣ','ΚΑΡΔΙΤΣΗΣ 13 ΛΑΡΙΣΑ',NULL,'user34'),(1651,39.6278987,22.4329173,2,'JETOIL','ΚΟΡΔΑΣ ΠΑΝΑΓΙΩΤΗΣ','42010100','Δ.Δ. Λαρίσης','42010000','ΛΑΡΙΣΑΣ','42000000','ΛΑΡΙΣΗΣ','1o ΧΛΜ ΛΑΡΙΣΗΣ - ΑΘΗΝΩΝ',NULL,'user35'),(1653,39.6357771,22.4029385,3,'SHELL','ΖΩΗ ΤΟΥΡΣΟΥΝΙΔΗ & ΣΙΑ ΟΕ','42010100','Δ.Δ. Λαρίσης','42010000','ΛΑΡΙΣΑΣ','42000000','ΛΑΡΙΣΗΣ','ΚΡΑΝΝΩΝΟΣ 16',NULL,'user36'),(1654,39.7153988,22.7529080,3,'SHELL','AΝΔΡΟΜΑΧΗ ΘΥΓ Κ.Α.ΜΙΧΟΠΟΥΛΟΥ','42020100','Δ.Δ. Αγιάς','42020000','ΑΓΙΑΣ','42000000','ΛΑΡΙΣΗΣ','ΑΓΙΑ',NULL,'user37'),(1655,39.7051164,22.4000343,4,'SILKOIL','ΚΑΡΑΛΑΣΚΟΣ ΓΕΩΡΓΙΟΣ & ΣΙΑ ΟΕ','42060200','Δ.Δ. Φαλάννης','42060000','ΓΙΑΝΝΟΥΛΗΣ','42000000','ΛΑΡΙΣΗΣ','1 χιλ ΦΑΛΑΝΗ  ΛΑΡΙΣΗΣ',NULL,'user38'),(1656,39.5796195,22.4526625,5,'ΕΤΕΚΑ','ΧΑΝΤΖΟΠΛΑΚΗΣ ΑΠ. & AΡ. Ε.Π.Ε','42210100','Δ.Δ. Νικαίας','42210000','ΝΙΚΑΙΑΣ','42000000','ΛΑΡΙΣΗΣ','6ο ΧΛΜ. ΛΑΡΙΣΑΣ-ΦΑΡΣΑΛΩΝ',NULL,'user39'),(1657,39.3141570,22.4727570,11,'ΕΛΙΝΟΙΛ','ΑΛΑΜΑΝΗΣ Α. κ ΣΙΑ ΕΕ','42240200','Δ.Δ. Αμπελείας','42240000','ΠΟΛΥΔΑΜΑΝΤΑ','42000000','ΛΑΡΙΣΗΣ','8ο ΧΛΜ ΦΑΡΣΑΛΩΝ ΜΙΚΡΟΘΗΒΩΝ','2491022414','user40'),(1658,39.7513775,22.2929456,10,'BP','ΑΦΟΙ Ν.ΤΣΙΓΑΝΗ & ΣΙΑ ΟΕ','42270200','Δ.Δ. Αργυροπουλείου','42270000','ΤΥΡΝΑΒΟΥ','42000000','ΛΑΡΙΣΗΣ','ΑΡΓΥΡΟΠΟΥΛΙΟΥ ΤΕΡΜΑ - ΤΥΡΝΑΒΟΣ',NULL,'user41'),(1659,39.3182448,22.3842467,17,'KAOIL','ΕΥΘΥΜΙΑΔΗ ΓΕΩΡΓΙΑ','42280100','Δ.Δ. Φαρσάλων','42280000','ΦΑΡΣΑΛΩΝ','42000000','ΛΑΡΙΣΗΣ','2ο χλμ. ΦΑΡΣΑΛΩΝ-ΛΑΡΙΣΑΣ','2491022790','user42'),(1660,39.2977224,22.3846259,11,'ΕΛΙΝΟΙΛ','ΑΛΑΜΑΝΗΣ ΑΛΕΧΑΝΔΡΟΣ κ ΣΙΑ Ε.Ε','42280100','Δ.Δ. Φαρσάλων','42280000','ΦΑΡΣΑΛΩΝ','42000000','ΛΑΡΙΣΗΣ','ΛΑΡΙΣΗΣ 52 ΦΑΡΣΑΛΑ','2491025377','user43'),(1661,39.2926228,22.3611545,11,'ΕΛΙΝΟΙΛ','ΑΛΑΜΑΝΗ ΜΑΡΙΑ','42280100','Δ.Δ. Φαρσάλων','42280000','ΦΑΡΣΑΛΩΝ','42000000','ΛΑΡΙΣΗΣ','2ο ΧΛΜ ΦΑΡΣΑΛΩΝ-ΛΑΜΙΑΣ, ΦΑΡΣΑΛΑ ΛΑΡΙΣΑΣ','2491022414','user44'),(2706,39.6123403,22.4340442,1,'Α.Π.','ΣΙΜΙΤΣΗ ΠΑΡΑΣΚΕΥΗ','42010100','Δ.Δ. Λαρίσης','42010000','ΛΑΡΙΣΑΣ','42000000','ΛΑΡΙΣΗΣ','3 ΧΛΜ ( ΠΕΟ) ΛΑΡΙΣΗΣ ΑΘΗΝΩΝ',NULL,'user45'),(2707,39.6304805,22.4530082,5,'ΕΤΕΚΑ','ΧΑΝΤΖΟΠΛΑΚΗΣ  ΑΠΟΣΤΟΛΟΣ & ΑΡΙΣΤΟΤΕΛΗΣ Ε.Π.Ε','42010100','Δ.Δ. Λαρίσης','42010000','ΛΑΡΙΣΑΣ','42000000','ΛΑΡΙΣΗΣ','3ο ΧΛΜ Π.Ε.Ο. ΛΑΡΙΣΗΣ-ΒΟΛΟΥ ΛΑΡΙΣΑ','2441025026','user46'),(2708,39.6323683,22.4403094,17,'KAOIL','ΓΚΑΡΑΒΕΛΑ ΜΑΡΙΑ','42010100','Δ.Δ. Λαρίσης','42010000','ΛΑΡΙΣΑΣ','42000000','ΛΑΡΙΣΗΣ','ΒΟΛΟΥ 86 - ΛΑΡΙΣΑ','2410541381','user47'),(2709,39.6327881,22.3927672,2,'JETOIL','ΔΗΜΗΤΡΙΟΣ Γ. ΜΠΟΥΧΛΑΡΙΩΤΗΣ','42010100','Δ.Δ. Λαρίσης','42010000','ΛΑΡΙΣΑΣ','42000000','ΛΑΡΙΣΗΣ','ΙΩΑΝΝΙΝΩΝ 156 - ΛΑΡΙΣΑ',NULL,'user48'),(2710,39.6313795,22.3623117,9,'REVOIL','ΝΙΝΟΠΟΥΛΟΥ ΜΑΡΙΑ','42010200','Δ.Δ. Τερψιθέας','42010000','ΛΑΡΙΣΑΣ','42000000','ΛΑΡΙΣΗΣ','5o ΧΛΜ ΛΑΡΙΣΑΣ-ΤΡΙΚΑΛΩΝ ΛΑΡΙΣΑ',NULL,'user49'),(2711,39.7094508,22.7719255,8,'EKO','ΒΕΡΒΕΡΑΣ ΓΕΩΡΓΙΟΣ','42020100','Δ.Δ. Αγιάς','42020000','ΑΓΙΑΣ','42000000','ΛΑΡΙΣΗΣ','ΑΓΙΑ ΛΑΡΙΣΑΣ','2494024245','user50'),(2712,39.7010592,22.7237599,11,'ΕΛΙΝΟΙΛ','ΡΙΖΟΥΛΗΣ ΔΗΜΗΤΡΙΟΣ','42020100','Δ.Δ. Αγιάς','42020000','ΑΓΙΑΣ','42000000','ΛΑΡΙΣΗΣ','3ΧΙΛ ΑΓΙΑΣ-ΛΑΡΙΣΑΣ','2494022764','user51'),(2714,39.7005319,22.7215217,8,'EKO','ΓΩΓΟΥ ΔΗΜ.ΑΝΑΣΤΑΣΙΑ','42020800','Δ.Δ. Νερομύλων','42020000','ΑΓΙΑΣ','42000000','ΛΑΡΙΣΗΣ','3ο ΧΙΛ  ΑΓΙΑΣ ΛΑΡΙΣΗΣ','2494022728','user52'),(2715,39.7375907,22.3633259,1,'Α.Π.','ΣΠΥΡΟΠΟΥΛΟΙ ΑΦΟΙ','42030100','Δ.Δ. Αμπελώνος','42030000','ΑΜΠΕΛΩΝΟΣ','42000000','ΛΑΡΙΣΗΣ','ΑΜΠΕΛΩΝΑΣ-ΤΥΡΝΑΒΟΣ, ΛΑΡΙΣΑ',NULL,'user53'),(2716,39.8907649,22.1871388,1,'Α.Π.','ΧΑΤΖΟΥΛΗΣ ΕΛ.','42080100','Δ.Δ. Ελασσόνος','42080000','ΕΛΑΣΣΟΝΟΣ','42000000','ΛΑΡΙΣΗΣ','Μ.ΙΑΚΩΒΟΥ, ΕΛΑΣΣΟΝΑ ΛΑΡΙΣΑΣ',NULL,'user54'),(2717,39.3866836,22.3502774,10,'BP','ΑΓΡΟΤΙΚΟΣ ΣΥΝΕΤΑΙΡΙΣΜΟΣ ΚΡΗΝΗΣ','42090500','Δ.Δ. Κρήνης','42090000','ΕΝΙΠΠΕΑ','42000000','ΛΑΡΙΣΗΣ','ΚΡΗΝΗ ΦΑΡΣΑΛΩΝ',NULL,'user55'),(2718,39.8943835,22.6499786,3,'SHELL','ΤΖΙΜΟΠΟΥΛΟΣ ΘΩΜΑΣ','42100300','Δ.Δ. Ομολίου','42100000','ΕΥΡΥΜΕΝΩΝ','42000000','ΛΑΡΙΣΗΣ','ΟΜΟΛΙΟ ΛΑΡΙΣΑ',NULL,'user56'),(2719,39.8449246,22.7600515,7,'AEGEAN','ΜΠΑΣΔΡΑΒΑΛΑ ΧΑΡΙΚΛΕΙΑ','42100400','Δ.Δ. Παλαιοπύργου','42100000','ΕΥΡΥΜΕΝΩΝ','42000000','ΛΑΡΙΣΗΣ','ΚΑΡΙΤΣΑ ΛΑΡΙΣΑΣ','2495092172','user57'),(2720,39.8995017,22.6139076,8,'EKO','ΤΣΑΤΣΑΡΗΣ ΕΥΑΓΓΕΛΟΣ','42110400','Δ.Δ. Ραψάνης','42110000','ΚΑΤΩ ΟΛΥΜΠΟΥ','42000000','ΛΑΡΙΣΗΣ','Σ.Σ.ΡΑΨΑΝΗΣ 38o χλμ ΛΑΡΙΣΑΣ-ΘΕΣ/ΝΙΚΗΣ','2495041046','user58'),(2721,40.0580656,22.1839645,1,'Α.Π.','ΜΑΝΤΖΑΡΑΣ ΠΑΝΑΓΙΩΤΗΣ','42160200','Δ.Δ. Δολίχης','42160000','ΛΙΒΑΔΙΟΥ','42000000','ΛΑΡΙΣΗΣ','21 ΧΛΜ ΕΛΑΣΣΟΝΑΣ - ΚΑΤΕΡΙΝΗΣ (ΔΟΛΙΧΗ)',NULL,'user59'),(2722,39.7991050,22.4977785,7,'AEGEAN','ΜΥΛΩΝΑ ΕΛΕΝΗ','42170100','Δ.Δ. Μακρυχωρίου','42170000','ΜΑΚΡΥΧΩΡΙΟΥ','42000000','ΛΑΡΙΣΗΣ','ΜΑΚΡΥΧΩΡΙ ΛΑΡΙΣΑΣ','6977483311','user60'),(2723,39.7731446,22.5761475,6,'AVIN','ΤΣΙΟΥΤΡΑ ΝΙΚΟΛΕΤΑ','42200100','Δ.Δ. Συκουρίου','42200000','ΝΕΣΣΩΝΟΣ','42000000','ΛΑΡΙΣΗΣ','ΠΟΥΡΝΑΡΙ',NULL,'user61'),(2724,39.4587360,22.4375980,3,'SHELL','ΧΡΙΣΤΟΔΟΥΛΟΥ ΚΩΝ/ΝΟΣ','42210300','Δ.Δ. Ζαππείου','42210000','ΝΙΚΑΙΑΣ','42000000','ΛΑΡΙΣΗΣ','ΖΑΠΠΕΙΟ ΛΑΡΙΣΑΣ','2410781541','user62'),(2725,39.6245564,22.5360905,6,'AVIN','ΚΥΡΙΤΣΗΣ ΧΡΗΣΤΟΣ','42230100','Δ.Δ. Πλατυκάμπου','42230000','ΠΛΑΤΥΚΑΜΠΟΥ','42000000','ΛΑΡΙΣΗΣ','ΠΛΑΤΥΚΑΜΠΟΣ, ΠΛΑΤΥΚΑΜΠΟΣ ΛΑΡΙΣΑΣ',NULL,'user63'),(2726,39.6119065,22.5745353,1,'Α.Π.','ΚΩΝΣΤΑΝΤΟΠΟΥΛΟΥ ΕΥΑΓΓΕΛΙΑ','42230300','Δ.Δ. Γλαύκης','42230000','ΠΛΑΤΥΚΑΜΠΟΥ','42000000','ΛΑΡΙΣΗΣ','ΓΛΑΥΚΗ ΛΑΡΙΣΑΣ',NULL,'user64'),(2727,39.6824302,22.4648663,9,'REVOIL','ΡΗΓΑΣ ΔΗΜ. ΓΕΩΡΓΙΟΣ','42230800','Δ.Δ. Ομορφοχωρίου','42230000','ΠΛΑΤΥΚΑΜΠΟΥ','42000000','ΛΑΡΙΣΗΣ','6ο ΧΛΜ. ΛΑΡΙΣΑΣ-ΣΥΚΟΥΡΙΟΥ, ΛΑΡΙΣΑ','2410575274','user65'),(2728,39.3983097,22.4281079,11,'ΕΛΙΝΟΙΛ','ΚΑΡΑΔΗΜΑΣ ΛΑΜΠΡΟΣ','42240100','Δ.Δ. Βαμβακούς','42240000','ΠΟΛΥΔΑΜΑΝΤΑ','42000000','ΛΑΡΙΣΗΣ','ΧΑΛΚΙΑΔΕΣ/ ΦΑΡΣΑΛΩΝ',NULL,'user66'),(2729,39.7439902,22.0903323,9,'REVOIL','ΚΟΝΤΟΘΑΝΑΣΗ ΒΑΣΙΛΙΚΗ','42250100','Δ.Δ. Βλαχογιαννίου','42250000','ΠΟΤΑΜΙΑΣ','42000000','ΛΑΡΙΣΗΣ','ΒΛΑΧΟΓΙΑΝΝΙ ΤΥΡΝΑΒΟΥ','2492091802','user67'),(2730,39.7135079,22.1879963,1,'Α.Π.','ΑΓΡΑΦΙΩΤΗΣ ΝΙΚΟΛΑΟΣ','42270300','Δ.Δ. Δαμασίου','42270000','ΤΥΡΝΑΒΟΥ','42000000','ΛΑΡΙΣΗΣ','ΔΑΜΑΣΙ ΤΥΡΝΑΒΟΥ',NULL,'user68'),(3490,39.6164451,22.4346923,1,'Α.Π.','ΓΙΑΝΔΙΚΙΔΗΣ ΕΥΓΕΝΙΟΣ','42010100','Δ.Δ. Λαρίσης','42010000','ΛΑΡΙΣΑΣ','42000000','ΛΑΡΙΣΗΣ','ΕΡΥΜΑΝΘΟΥ 27 -29  ΛΑΡΙΣΑ',NULL,'user69'),(3491,39.6272656,22.4325546,8,'EKO','ΑΦΟΙ Κ. ΔΡΑΜΗ Ο.Ε','42010100','Δ.Δ. Λαρίσης','42010000','ΛΑΡΙΣΑΣ','42000000','ΛΑΡΙΣΗΣ','Λ. ΚΑΡΑΜΑΝΛΗ 102 - λΑΡΙΣΑ',NULL,'user70'),(3750,39.6581745,22.4384905,1,'Α.Π.','ΔΙΑΒΟΛΑΚΗΣ ΚΩΝ/ΝΟΣ','42010100','Δ.Δ. Λαρίσης','42010000','ΛΑΡΙΣΑΣ','42000000','ΛΑΡΙΣΗΣ','ΣΩΚΡΑΤΟΥΣ 140, ΛΑΡΙΣΑ',NULL,'user71'),(3751,39.6327350,22.4020849,1,'Α.Π.','ΜΑΝΑΧΙΑΡΗ ΖΑΧΑΡΟΥΛΑ','42010100','Δ.Δ. Λαρίσης','42010000','ΛΑΡΙΣΑΣ','42000000','ΛΑΡΙΣΗΣ','ΙΩΑΝΝΙΝΩΝ 50 & ΦΟΥΡΤΟΥΝΑ ΛΑΡΙΣΑ',NULL,'user72'),(3752,39.7170759,22.3962854,3,'SHELL','ΠΑΠΑΚΩΝΣΤΑΝΤΙΝΟΥ ΧΡΗΣΤΟΣ','42060200','Δ.Δ. Φαλάννης','42060000','ΓΙΑΝΝΟΥΛΗΣ','42000000','ΛΑΡΙΣΗΣ','ΦΑΛΑΝΗ ΛΑΡΙΣΑΣ','2410941225','user73'),(3753,39.8936083,22.1805954,8,'EKO','ΜΠΟΥΛΟΥΜΠΑΣΗ ΚΩΝΣΤΑΝΤΙΑ','42080100','Δ.Δ. Ελασσόνος','42080000','ΕΛΑΣΣΟΝΟΣ','42000000','ΛΑΡΙΣΗΣ','1οχιλ. ΕΛΑΣΣΟΝΑΣ-ΔΕΣΚΑΤΗΣ','2493025320','user74'),(3754,39.8883960,22.1866176,19,'ΤΡΙΑΙΝΑ','ΚΟΥΤΛΑ ΗΛΙΑΔΑ (ΥΠΟΚ/ΜΑ)','42080100','Δ.Δ. Ελασσόνος','42080000','ΕΛΑΣΣΟΝΟΣ','42000000','ΛΑΡΙΣΗΣ','6ης ΟΚΤΩΒΡΙΟΥ 177 - ΕΛΑΣΣΟΝΑ',NULL,'user75'),(3755,39.8785495,22.1812271,17,'KAOIL','ΙΑΚΩΒΟΣ ΔΑΥΙΔΟΠΟΥΛΟΣ & ΣΙΑ Ο.Ε','42080100','Δ.Δ. Ελασσόνος','42080000','ΕΛΑΣΣΟΝΟΣ','42000000','ΛΑΡΙΣΗΣ','1oΧΛΜ ΠΕΟ ΕΛΑΣΣΟΝΑΣ ΛΑΡΙΣΑΣ',NULL,'user76'),(3756,39.8818352,22.2209743,19,'ΤΡΙΑΙΝΑ','ΚΟΥΤΛΑ ΗΛΙΑΔΑ(ΥΠΟΚ/ΜΑ 3)','42080900','Δ.Δ. Τσαριτσάνης','42080000','ΕΛΑΣΣΟΝΟΣ','42000000','ΛΑΡΙΣΗΣ','ΤΣΑΡΙΤΣΑΝΗ ΕΛΑΣΣΟΝΑΣ',NULL,'user77'),(3757,39.3887520,22.2646210,11,'ΕΛΙΝΟΙΛ','Κωνσταντίνος Λαβδής','42090800','Δ.Δ. Υπερείας','42090000','ΕΝΙΠΠΕΑ','42000000','ΛΑΡΙΣΗΣ','Υπέρεια Φαρσάλων',NULL,'user78'),(3759,39.9488624,22.6493464,8,'EKO','ΜΠΟΥΖΩΝΑΣ ΚΩΝ/ΝΟΣ','42110200','Δ.Δ. Αιγάνης','42110000','ΚΑΤΩ ΟΛΥΜΠΟΥ','42000000','ΛΑΡΙΣΗΣ','ΚΑΤΩ ΑΙΓΑΝΗ ΛΑΡΙΣΑΣ',NULL,'user79'),(3760,39.5683471,22.7430899,9,'REVOIL','ΠΑΣΙΑΝΗΣ ΔΗΜΗΤΡΙΟΣ','42120300','Δ.Δ. Καλαμακίου','42120000','ΚΙΛΕΛΕΡ','42000000','ΛΑΡΙΣΗΣ','ΚΑΛΑΜΑΚΙ, ΔΗΜΟΣ ΚΙΛΕΛΕΡ-Ν.ΛΑΡΙΣΑΣ','2494061420','user80'),(3761,40.1211430,22.1559540,1,'Α.Π.','ΧΑΡΙΣΗΣ ΛΑΖΑΡΟΣ','42160100','Δ.Δ. Λιβαδίου','42160000','ΛΙΒΑΔΙΟΥ','42000000','ΛΑΡΙΣΗΣ','ΛΙΒΑΔΙ ΕΛΑΣΣΟΝΑΣ',NULL,'user81'),(3764,39.6139801,22.5352110,8,'EKO','ΔΕΔΗΛΑΣ Κ. ΣΩΤΗΡΗΣ','42230100','Δ.Δ. Πλατυκάμπου','42230000','ΠΛΑΤΥΚΑΜΠΟΥ','42000000','ΛΑΡΙΣΗΣ','ΠΛΑΤΥΚΑΜΠΟΣ ΛΑΡΙΣΑΣ','2410971226','user82'),(3765,39.8306539,22.0521317,1,'Α.Π.','ΜΙΧΑΛΕΣ ΙΩΑΝΝΗΣ','42250800','Δ.Δ. Συκέας','42250000','ΠΟΤΑΜΙΑΣ','42000000','ΛΑΡΙΣΗΣ','Συκεα Ελασσονας',NULL,'user83'),(3766,39.7148344,22.1880226,1,'Α.Π.','ΜΑΝΙΚΑΣ Θ. ΔΗΜΗΤΡΙΟΣ','42270300','Δ.Δ. Δαμασίου','42270000','ΤΥΡΝΑΒΟΥ','42000000','ΛΑΡΙΣΗΣ','ΔΑΜΑΣΙ  ΤΥΡΝΑΒΟΥ.',NULL,'user84'),(4299,39.6645643,22.3964821,8,'EKO','ΠΑΠΑΔΟΠΟΥΛΟΣ ΓΕΩΡΓΙΟΣ','42010100','Δ.Δ. Λαρίσης','42010000','ΛΑΡΙΣΑΣ','42000000','ΛΑΡΙΣΗΣ','ΓΙΑΝΝΟΥΛΗ, ΛΑΡΙΣΑ','2410591026','user85'),(4301,39.7086700,22.7740985,8,'EKO','ΓΚΑΡΑΝΕΣ ΑΛΕΞΑΝΔΡΟΣ','42020100','Δ.Δ. Αγιάς','42020000','ΑΓΙΑΣ','42000000','ΛΑΡΙΣΗΣ','2ο ΧΛΜ ΑΓΙΑΣ-ΑΓΙΟΚΑΜΠΟΥ ΛΑΡΙΣΑ',NULL,'user86'),(4302,39.8925046,22.2062302,2,'JETOIL','ΜΗΤΣΙΜΠΟΝΑΣ ΓΕΩΡΓΙΟΣ','42080100','Δ.Δ. Ελασσόνος','42080000','ΕΛΑΣΣΟΝΟΣ','42000000','ΛΑΡΙΣΗΣ','2οχιλ.N.EO. ΕΛΑΣΣΟΝΑΣ-ΛΑΡΙΣΑΣ',NULL,'user87'),(4304,39.9191625,22.6843945,6,'AVIN','ΛΙΟΛΙΟΣ ΑΡΓΥΡΙΟΣ','42100400','Δ.Δ. Παλαιοπύργου','42100000','ΕΥΡΥΜΕΝΩΝ','42000000','ΛΑΡΙΣΗΣ','ΠΑΛΑΙΟΠΥΡΓΟΣ ΛΑΡΙΣΑΣ',NULL,'user88'),(4305,39.5306926,22.2692276,11,'ΕΛΙΝΟΙΛ','ΤΣΟΛΑΚΗ ΚΑΛΛΙΟΠΗ','42140700','Δ.Δ. Μαυροβουνίου','42140000','ΚΡΑΝΝΩΝΟΣ','42000000','ΛΑΡΙΣΗΣ','ΜΑΥΡΟΒΟΥΝΙ ΛΑΡΙΣΑΣ',NULL,'user89'),(4306,39.7531058,22.4783359,6,'AVIN','ΒΛΑΓΓΑΣ ΑΣΤΕΡΙΟΣ','42170100','Δ.Δ. Μακρυχωρίου','42170000','ΜΑΚΡΥΧΩΡΙΟΥ','42000000','ΛΑΡΙΣΗΣ','ΒΙΟΜΗΧΑΝΙΚΗ ΠΕΡΙΟΧΗ ΛΑΡΙΣΑΣ',NULL,'user90'),(4307,39.6077366,22.5471979,9,'REVOIL','ΚΑΚΑΤΣΙΟΥ-ΖΑΧΑΡΙΑΔΗ ΑΝΑΣΤΑΣΙΑ','42230100','Δ.Δ. Πλατυκάμπου','42230000','ΠΛΑΤΥΚΑΜΠΟΥ','42000000','ΛΑΡΙΣΗΣ','12ο χλμ ΠΕΟ ΛΑΡΙΣΑΣ-ΒΟΛΟΥ',NULL,'user91'),(4308,39.6821482,22.4712568,11,'ΕΛΙΝΟΙΛ','ΜΗΤΣΙΟΥΛΗΣ ΑΣΤΕΡΙΟΣ','42230800','Δ.Δ. Ομορφοχωρίου','42230000','ΠΛΑΤΥΚΑΜΠΟΥ','42000000','ΛΑΡΙΣΗΣ','6ο ΧΛΜ. ΟΜΟΡΦΟΧΩΡΙΟΥ-ΛΑΡΙΣΑΣ, ΛΑΡΙΣΑ','2410575224','user92'),(4310,39.7457033,22.0867063,13,'CYCLON','ΔΑΛΑΚΑ ΕΛΕΝΗ','42250100','Δ.Δ. Βλαχογιαννίου','42250000','ΠΟΤΑΜΙΑΣ','42000000','ΛΑΡΙΣΗΣ','ΒΛΑΧΟΓΙΑΝΝΙ ΤΥΡΝΑΒΟΥ',NULL,'user93'),(4312,39.7364071,22.3062175,1,'Α.Π.','ΓΚΑΤΖΙΟΥΛΗΣ ΑΘΑΝΑΣΙΟΣ ΚΑΙ ΣΙΑ ΕΕ','42270100','Δ.Δ. Τυρνάβου','42270000','ΤΥΡΝΑΒΟΥ','42000000','ΛΑΡΙΣΗΣ','6ο χλμ  ΑΜΠΕΛΩΝΑ-ΤΥΡΝΑΒΟΥ',NULL,'user94'),(4541,39.7829309,22.2897657,17,'KAOIL','ΜΕΤΑΞΑ-ΖΑΓΚΟΤΗ ΕΛΕΝΗ','42010100','Δ.Δ. Λαρίσης','42010000','ΛΑΡΙΣΑΣ','42000000','ΛΑΡΙΣΗΣ','21ο ΧΛΜ. ΝΕΟ  ΛΑΡΙΣΑΣ-ΕΛΑΣΣΟΝΑΣ,ΤΥΡΝΑΒΟΣ','2492023263','user95'),(4570,39.4884027,22.6974627,2,'JETOIL','ΓΚΕΜΑΣ Β. ΑΘΑΝΑΣΙΟΣ','42010100','Δ.Δ. Λαρίσης','42010000','ΛΑΡΙΣΑΣ','42000000','ΛΑΡΙΣΗΣ','ΑΡΜΕΝΙΟ ΛΑΡΙΣΑΣ',NULL,'user96'),(4722,39.6216420,22.3916510,3,'SHELL','ΚΑΡΑΤΟΛΙΟΣ ΓΕΩΡΓΙΟΣ','42010100','Δ.Δ. Λαρίσης','42010000','ΛΑΡΙΣΑΣ','42000000','ΛΑΡΙΣΗΣ','ΚΑΡΑΟΛΗ ΔΗΜΗΤΡΙΟΥ ΤΕΡΜΑ, ΛΑΡΙΣΑ','2410614854','user97'),(4723,39.7446193,22.3615482,11,'ΕΛΙΝΟΙΛ','Μ.ΝΙΤΣΙΚΑΣ-Α.ΖΑΡΟΓΙΑΝΝΗΣ Ο.Ε.','42030100','Δ.Δ. Αμπελώνος','42030000','ΑΜΠΕΛΩΝΟΣ','42000000','ΛΑΡΙΣΗΣ','ΛΑΡΙΣΗΣ 4, ΑΜΠΕΛΩΝΑΣ',NULL,'user98'),(4724,39.9454229,21.9674072,1,'Α.Π.','ΠΟΥΡΝΑΡΑΣ ΔΗΜΗΤΡΙΟΣ','42040100','Δ.Δ. Κρανέας Ελασσόνος','42040000','ΑΝΤΙΧΑΣΙΩΝ','42000000','ΛΑΡΙΣΗΣ','ΚΡΑΝΕΑ ΕΛΑΣΣΟΝΑΣ-ΔΗΜΟΣ ΑΝΤΙΧΑΣΙΩΝ -ΛΑΡΙΣΑ',NULL,'user99'),(4725,39.4853613,22.7125675,13,'CYCLON','ΝΤΟΛΟΜΑΣ ΔΗΜΗΤΡΙΟΣ','42050100','Δ.Δ. Αρμενίου','42050000','ΑΡΜΕΝΙΟΥ','42000000','ΛΑΡΙΣΗΣ','31χλμ ΠΕΟ ΛΑΡΙΣΑΣ- ΒΟΛΟΥ',NULL,'user100'),(4727,39.9206624,22.1656486,9,'REVOIL','ΑΡΣΕΝΗΣ ΑΘΑΝΑΣΙΟΣ','42080400','Δ.Δ. Δρυμού','42080000','ΕΛΑΣΣΟΝΟΣ','42000000','ΛΑΡΙΣΗΣ','ΔΡΥΜΟΣ ΕΛΑΣΣΟΝΑΣ - ΛΑΡΙΣΑ','2493096250','user101'),(4728,39.8494401,22.1775917,9,'REVOIL','ΧΑΛΚΙΔΟΥ ΑΛΕΞ.ΠΕΛΑΓΙΑ','42080800','Δ.Δ. Στεφανοβούνου','42080000','ΕΛΑΣΣΟΝΟΣ','42000000','ΛΑΡΙΣΗΣ','ΣΤΕΦΑΝΟΒΟΥΝΟ ΕΛΑΣΣΟΝΑΣ',NULL,'user102'),(4730,39.9179113,22.5955350,2,'JETOIL','ΑΘΗΝΑ ΤΣΙΟΚΑΝΟΥ','42110100','Δ.Δ. Πυργετού','42110000','ΚΑΤΩ ΟΛΥΜΠΟΥ','42000000','ΛΑΡΙΣΗΣ','ΠΥΡΓΕΤΟΣ',NULL,'user103'),(4731,39.4897324,22.5978294,1,'Α.Π.','ΜΠΟΥΡΑ ΒΙΚΤΩΡΙΑ','42120500','Δ.Δ. Νέου Περιβολίου','42120000','ΚΙΛΕΛΕΡ','42000000','ΛΑΡΙΣΗΣ','ΝΕΟ ΠΕΡΙΒΟΛΙ ΛΑΡΙΣΑΣ',NULL,'user104'),(4732,39.5699748,22.5395622,9,'REVOIL','ΒΑΛΑΡΗ ΑΓΑΘΗ ΚΑΙ ΣΙΑ Ο.Ε.','42230900','Δ.Δ. Χάλκης','42230000','ΠΛΑΤΥΚΑΜΠΟΥ','42000000','ΛΑΡΙΣΗΣ','ΧΑΛΚΗ ΛΑΡΙΣΑΣ','2410961151','user105'),(4925,39.6282099,22.4637107,13,'CYCLON','ΝΑΤΣΗΣ ΑΡ. ΔΗΜΗΤΡΙΟΣ','42010100','Δ.Δ. Λαρίσης','42010000','ΛΑΡΙΣΑΣ','42000000','ΛΑΡΙΣΗΣ','5ο ΧΛΜ Π.Ε.Ο ΛΑΡΙΣΑΣ - ΒΟΛΟΥ',NULL,'user106'),(4928,39.7544896,22.5727279,13,'CYCLON','ΤΖΟΥΡΑ ΚΑΛΟΥΔΑ','42200100','Δ.Δ. Συκουρίου','42200000','ΝΕΣΣΩΝΟΣ','42000000','ΛΑΡΙΣΗΣ','ΣΥΚΟΥΡΙΟ ΛΑΡΙΣΑΣ',NULL,'user107'),(7640,39.7615236,22.2952648,11,'ΕΛΙΝΟΙΛ','ΠΟΡΤΕΣΗΣ ΙΩΑΝΝΗΣ','42270100','Δ.Δ. Τυρνάβου','42270000','ΤΥΡΝΑΒΟΥ','42000000','ΛΑΡΙΣΗΣ','3ο ΧΛΜ ΤΥΡΝΑΒΟΥ-ΚΟΖΑΝΗΣ Ν.Ε.Ο','2492023253','user108'),(7709,39.7398903,22.8636581,17,'KAOIL','ΠΕΡΔΙΚΗΣ ΚΩΣΤΑΝΤΙΝΟΣ','42180200','Δ.Δ. Μελιβοίας','42180000','ΜΕΛΙΒΟΙΑΣ','42000000','ΛΑΡΙΣΗΣ','ΒΕΛΙΚΑ ΑΓΙΑΣ ΛΑΡΙΣΑΣ','2494051278','user109'),(7867,39.6263617,22.5102276,8,'EKO','ΚΟΥΡΤΗΣ ΒΑΣΙΛΕΙΟΣ','42230100','Δ.Δ. Πλατυκάμπου','42230000','ΠΛΑΤΥΚΑΜΠΟΥ','42000000','ΛΑΡΙΣΗΣ','ΠΛΑΤΥΚΑΜΠΟΣ ΛΑΡΙΣΑΣ','2410971010','user110'),(7885,39.8582894,22.5313213,2,'JETOIL','ΤΣΑΝΤΙΛΑΣ Ν.- ΜΠΑΖΑΚΑΣ ΚΩΝ. Ο.Ε.','42170100','Δ.Δ. Μακρυχωρίου','42170000','ΜΑΚΡΥΧΩΡΙΟΥ','42000000','ΛΑΡΙΣΗΣ','Ε.O. AΘΗΝΩΝ-ΘΕΣΣΑΛΟΝΙΚΗΣ ΔΙΟΔΙΑ ΤΕΜΠΩΝ',NULL,'user111'),(8015,39.7509722,22.3598593,2,'JETOIL','ΚΟΥΚΑΛΑ ΦΩΤΕΙΝΗ','42030100','Δ.Δ. Αμπελώνος','42030000','ΑΜΠΕΛΩΝΟΣ','42000000','ΛΑΡΙΣΗΣ','ΜΑΡΚΟΥ ΜΠΟΤΣΑΡΗ & ΜΠΛΟΤΣΗ-ΑΜΠΕΛΩΝΑΣ',NULL,'user112'),(8016,39.7391024,22.2879999,1,'Α.Π.','ΣΑΚΕΛΛΑΡΗΣ ΑΠΟΣΤΟΛΟΣ ΚΑΙ ΒΙΟΡΕΛΗΣ','42270100','Δ.Δ. Τυρνάβου','42270000','ΤΥΡΝΑΒΟΥ','42000000','ΛΑΡΙΣΗΣ','ΤΥΡΝΑΒΟΣ, ΤΥΡΝΑΒΟΣ ΛΑΡΙΣΑΣ',NULL,'user113'),(8065,39.6953083,22.4565770,3,'SHELL','ΕΡΜΗΣ ΑΕΜΕΕ ΥΠ/ΜΑ ΛΑΡΙΣΑΣ 4','42010100','Δ.Δ. Λαρίσης','42010000','ΛΑΡΙΣΑΣ','42000000','ΛΑΡΙΣΗΣ','6 ΧΛΜ Π.Ε.Ο. ΛΑΡΙΣΑΣ - ΘΕΣ/ΝΙΚΗΣ','2410575170','user114'),(8066,39.8018848,22.3428018,6,'AVIN','DIOGENESIS V.K. TRADING LTD','42030300','Δ.Δ. Δελερίων','42030000','ΑΜΠΕΛΩΝΟΣ','42000000','ΛΑΡΙΣΗΣ','ΔΕΛΕΡΙΑ ΤΥΡΝΑΒΟΥ',NULL,'user115'),(8067,39.7456740,22.2920026,6,'AVIN','DIOGENESIS V.K. TRADING LTD','42270100','Δ.Δ. Τυρνάβου','42270000','ΤΥΡΝΑΒΟΥ','42000000','ΛΑΡΙΣΗΣ','ΑΓΙΑΣ ΤΡΙΑΔΟΣ 92 ΤΥΡΝΑΒΟΣ',NULL,'user116'),(8098,39.7391009,22.3626073,10,'BP','ΚΑΓΙΑΣ ΝΙΚΟΛΑΟΣ','42030100','Δ.Δ. Αμπελώνος','42030000','ΑΜΠΕΛΩΝΟΣ','42000000','ΛΑΡΙΣΗΣ','ΛΑΡΙΣΗΣ 71 ΑΜΠΕΛΩΝΑΣ ΛΑΡΙΣΑΣ',NULL,'user117'),(8305,39.6526597,22.4344469,17,'KAOIL','ΓΚΟΥΝΕΛΑΣ Ν-ΓΚΟΥΝΕΛΑ Β ΟΕ','42010100','Δ.Δ. Λαρίσης','42010000','ΛΑΡΙΣΑΣ','42000000','ΛΑΡΙΣΗΣ','ΣΩΚΡΑΤΟΥΣ 71','2410538213','user118'),(8449,39.7331688,22.2782140,1,'Α.Π.','ΣΑΚΕΛΛΑΡΗΣ ΑΘΑΝΑΣΙΟΣ','42270100','Δ.Δ. Τυρνάβου','42270000','ΤΥΡΝΑΒΟΥ','42000000','ΛΑΡΙΣΗΣ','ΗΡΩΩΝ ΠΟΛΥΤΕΧΝΕΙΟΥ 89 ΤΥΡΝΑΒΟΣ',NULL,'user119'),(8452,39.6334301,22.4338038,3,'SHELL','ROYAL OIL ΜΟΝΟΠΡΟΣΩΠΗ ΕΠΕ','42010100','Δ.Δ. Λαρίσης','42010000','ΛΑΡΙΣΑΣ','42000000','ΛΑΡΙΣΗΣ','ΒΟΛΟΥ 32-34  ΛΑΡΙΣΗΣ','2410232206','user120'),(8849,39.6035963,22.4358866,8,'EKO','ΕΚΟ-ΚΑΛΥΨΩ Νο 118 ΛΑΡΙΣΑ','42010100','Δ.Δ. Λαρίσης','42010000','ΛΑΡΙΣΑΣ','42000000','ΛΑΡΙΣΗΣ','ΦΑΡΣΑΛΩΝ 209 ΛΑΡΙΣΑ',NULL,'user121'),(8893,39.6384624,22.4359994,8,'EKO','ΒΕΛΗΣΣΑΡΙΟΥ ΑΝΤΩΝΙΑ','42010100','Δ.Δ. Λαρίσης','42010000','ΛΑΡΙΣΑΣ','42000000','ΛΑΡΙΣΗΣ','2ο ΧΛΜ Π.Ε.Ο. ΛΑΡΙΣΑΣ -ΘΕΣ/ΝΙΚΗΣ  ΛΑΡΙΣΑ','2410283894','user122'),(8996,39.6303885,22.4519272,2,'JETOIL','ΜΠΛΙΟΣ ΑΠΟΣΤΟΛΟΣ','42010100','Δ.Δ. Λαρίσης','42010000','ΛΑΡΙΣΑΣ','42000000','ΛΑΡΙΣΗΣ','ΒΟΛΟΥ 174  - ΛΑΡΙΣΑ',NULL,'user123'),(9041,39.8413342,22.1063179,1,'Α.Π.','ΝΤΟΚΟΣ ΙΩΑΝΝΗΣ','42080500','Δ.Δ. Ευαγγελισμού Ελασσόνος','42080000','ΕΛΑΣΣΟΝΟΣ','42000000','ΛΑΡΙΣΗΣ','ΕΥΑΓΓΕΛΙΣΜΟΣ',NULL,'user124'),(9072,39.3010084,22.3918093,2,'JETOIL','ΓΚΕΒΡΟΥ ΕΥΑΓΓΕΛΙΑ','42280100','Δ.Δ. Φαρσάλων','42280000','ΦΑΡΣΑΛΩΝ','42000000','ΛΑΡΙΣΗΣ','ΒΟΛΟΥ 70, ΦΑΡΣΑΛΑ ΛΑΡΙΣΑΣ',NULL,'user125'),(9073,39.2946403,22.3679290,2,'JETOIL','ΓΚΕΒΡΟΣ ΔΗΜΗΤΡΙΟΣ','42280100','Δ.Δ. Φαρσάλων','42280000','ΦΑΡΣΑΛΩΝ','42000000','ΛΑΡΙΣΗΣ','ΤΕΡΜΑ ΛΑΜΙΑΣ',NULL,'user126'),(9118,39.3460603,22.3399387,11,'ΕΛΙΝΟΙΛ','ΒΑΪΤΣΗ ΙΩΑΝΝΑ','42090100','Δ.Δ. Μεγάλου Ευυδρίου','42090000','ΕΝΙΠΠΕΑ','42000000','ΛΑΡΙΣΗΣ','ΜΙΚΡΟ ΕΥΪΔΡΙΟ - ΦΑΡΣΑΛΑ','2491071261','user127'),(9151,39.6328321,22.3906165,8,'EKO','ΕΚΟ-ΚΑΛΥΨΩ Νο 125 ΛΑΡΙΣΑ','42010100','Δ.Δ. Λαρίσης','42010000','ΛΑΡΙΣΑΣ','42000000','ΛΑΡΙΣΗΣ','ΙΩΑΝΝΙΝΩΝ  79 ΛΑΡΙΣΑ',NULL,'user128'),(9253,39.6473613,22.5137559,6,'AVIN','ΦΛΩΡΟΥ ΑΦΟΙ Α.Ε.','42020100','Δ.Δ. Αγιάς','42020000','ΑΓΙΑΣ','42000000','ΛΑΡΙΣΗΣ','14ο ΧΛΜ ΛΑΡΙΣΑΣ-ΑΓΙΑΣ ΜΕΛΙΣΣΟΧΩΡΙ',NULL,'user129'),(9379,39.6717840,22.3809549,3,'SHELL','ΔΑΛΑΜΑΓΚΑΣ ΒΑΣ. ΑΛΕΞΑΝΔΡΟΣ','42010100','Δ.Δ. Λαρίσης','42010000','ΛΑΡΙΣΑΣ','42000000','ΛΑΡΙΣΗΣ','5 ΧΛΜ. Ε.Ο. ΛΑΡΙΣΑΣ-ΚΟΖΑΝΗΣ','2410591777','user130'),(9616,39.5561132,22.6441681,11,'ΕΛΙΝΟΙΛ','ΛΑΓΟΔΟΝΤΗ ΑΛΕΞΑΝΔΡΑ','42120400','Δ.Δ. Μελίσσης','42120000','ΚΙΛΕΛΕΡ','42000000','ΛΑΡΙΣΗΣ','ΜΕΛΙΣΣΑ ΚΙΛΕΛΕΡ ΛΑΡΙΣΑΣ',NULL,'user131'),(9795,39.7188047,22.5454032,9,'REVOIL','ΣΑΙΤΗΣ Γ. ΝΙΚΟΛΑΟΣ','42200200','Δ.Δ. Καλοχωρίου','42200000','ΝΕΣΣΩΝΟΣ','42000000','ΛΑΡΙΣΗΣ','ΚΑΛΟΧΩΡΙ ΛΑΡΙΣΑΣ',NULL,'user132'),(9926,39.5828693,22.3672005,5,'ΕΤΕΚΑ','ARISTON IKE','42010100','Δ.Δ. Λαρίσης','42010000','ΛΑΡΙΣΑΣ','42000000','ΛΑΡΙΣΗΣ','9o XΛΜ ΛΑΡΙΣΑΣ-ΚΑΡΔΙΤΣΑΣ',NULL,'user133'),(10017,39.6467863,22.4299510,3,'SHELL','ΕΡΜΗΣ ΑΕΜΕΕ ΥΠ/ΜΑ ΛΑΡΙΣΑΣ 7','42010100','Δ.Δ. Λαρίσης','42010000','ΛΑΡΙΣΑΣ','42000000','ΛΑΡΙΣΗΣ','ΑΕΡΟΔΡΟΜΙΟΥ 70 ΛΑΡΙΣΑ','2410281530','user134'),(10162,40.0634170,22.1703937,11,'ΕΛΙΝΟΙΛ','ΣΑΡΡΟΥ ΝΙΚΟΛΕΤΤΑ','42160200','Δ.Δ. Δολίχης','42160000','ΛΙΒΑΔΙΟΥ','42000000','ΛΑΡΙΣΗΣ','ΔΟΛΙΧΗ ΕΛΑΣΣΟΝΑΣ','2493092263','user135'),(10171,39.6157730,22.2615628,1,'Α.Π.','ΠΑΠΑΔΟΠΟΥΛΟΥ ΑΙΚΑΤΕΡΙΝΗ','42130600','Δ.Δ. Μάνδρας','42130000','ΚΟΙΛΑΔΑΣ','42000000','ΛΑΡΙΣΗΣ','ΜΑΝΔΡΑ ΛΑΡΙΣΑΣ',NULL,'user136'),(10212,39.6755481,22.3744778,11,'ΕΛΙΝΟΙΛ','MAΣΤΡΟΓΙΩΡΓΟΣ Δ. ΠΑΝΑΓΙΩΤΗΣ','42060100','Δ.Δ. Γιάννουλης','42060000','ΓΙΑΝΝΟΥΛΗΣ','42000000','ΛΑΡΙΣΗΣ','6o ΧΙΛ. ΛΑΡΙΣΑΣ-ΤΥΡΝΑΒΟΥ',NULL,'user137'),(10229,39.6843255,22.3622244,2,'JETOIL','ΖΩΗ ΚΑΙ ΒΑΪΟΣ ΓΚΕΒΡΟΣ Ο.Ε.','42060100','Δ.Δ. Γιάννουλης','42060000','ΓΙΑΝΝΟΥΛΗΣ','42000000','ΛΑΡΙΣΗΣ','7ο ΧΛΜ ΛΑΡΙΣΑΣ-ΤΥΡΝΑΒΟΥ',NULL,'user138'),(10265,39.3153236,22.2356031,10,'BP','ΡΑΦΤΟΠΟΥΛΟΥ ΙΩΑΝΝΑ','42280100','Δ.Δ. Φαρσάλων','42280000','ΦΑΡΣΑΛΩΝ','42000000','ΛΑΡΙΣΗΣ','ΣΤΑΥΡΟΣ ΦΑΡΣΑΛΩΝ',NULL,'user139'),(10443,39.6485572,22.4319629,1,'Α.Π.','ΠΡΙΟΝΑΣ ΝΙΚΟΛΑΟΣ','42010100','Δ.Δ. Λαρίσης','42010000','ΛΑΡΙΣΑΣ','42000000','ΛΑΡΙΣΗΣ','ΣΩΚΡΑΤΟΥΣ 4, ΛΑΡΙΣΑ',NULL,'user140'),(10444,39.6327110,22.4016525,17,'KAOIL','ΠΡΙΟΝΑΣ ΝΙΚΟΛΑΟΣ ΚΩΝ/ΝΟΣ','42010100','Δ.Δ. Λαρίσης','42010000','ΛΑΡΙΣΑΣ','42000000','ΛΑΡΙΣΗΣ','ΙΩΑΝΝΙΝΩΝ 54-56 - ΛΑΡΙΣΑ','2410625297','user141'),(10448,39.7509985,22.3630308,13,'CYCLON','ΚΑΡΑΚΩΣΤΑΣ ΓΕΩΡΓΙΟΣ','42030100','Δ.Δ. Αμπελώνος','42030000','ΑΜΠΕΛΩΝΟΣ','42000000','ΛΑΡΙΣΗΣ','ΜΑΡΚΟΥ ΜΠΟΤΣΑΡΗ 5  - ΑΜΠΕΛΩΝΑΣ ΛΑΡΙΣΑΣ',NULL,'user142'),(10465,39.8924721,22.1788310,17,'KAOIL','ΙΑΚΩΒΟΣ ΔΑΥΪΔΟΠΟΥΛΟΣ ΚΑΙ ΣΙΑ ΟΕ','42080100','Δ.Δ. Ελασσόνος','42080000','ΕΛΑΣΣΟΝΟΣ','42000000','ΛΑΡΙΣΗΣ','Ε.Ο. ΕΛΑΣΣΟΝΑΣ  ΔΕΣΚΑΤΗΣ',NULL,'user143'),(10485,39.6175387,22.4036666,10,'BP','ΕΚΟ ΚΑΛΥΨΩ Νο 179 ΛΑΡΙΣΑ','42010100','Δ.Δ. Λαρίσης','42010000','ΛΑΡΙΣΑΣ','42000000','ΛΑΡΙΣΗΣ','ΚΑΡΔΙΤΣΗΣ & ΠΑΠΑΝΔΡΕΟΥ - ΛΑΡΙΣΑ',NULL,'user144'),(10519,39.8583322,22.5312677,3,'SHELL','Δ.Δ ΣΚΡΕΤΑ ΟΕ','42070100','Δ.Δ. Γόννων','42070000','ΓΟΝΝΩΝ','42000000','ΛΑΡΙΣΗΣ','385o χλμ ΑΘΗΝΩΝ-ΘΕΣΣΑΛΟΝΙΚΗΣ-ΤΕΜΠΗ',NULL,'user145'),(10539,39.8871407,22.1853564,11,'ΕΛΙΝΟΙΛ','Γ.& Σ. ΜΗΤΣΙΜΠΟΝΑΣ Ο.Ε','42080100','Δ.Δ. Ελασσόνος','42080000','ΕΛΑΣΣΟΝΟΣ','42000000','ΛΑΡΙΣΗΣ','6ης ΟΚΤΩΒΡΙΟΥ 182 ΕΛΑΣΣΟΝΑ',NULL,'user146'),(10544,39.8553995,22.4786293,6,'AVIN','ΑΦΟΙ ΣΑΜΟΥΤΗ Ο.Ε.','42070100','Δ.Δ. Γόννων','42070000','ΓΟΝΝΩΝ','42000000','ΛΑΡΙΣΗΣ','ΓΟΝΝΟΙ ΛΑΡΙΣΑΣ',NULL,'user147'),(10567,39.5776748,22.3552706,17,'KAOIL','ΤΟΛΛΙΑΣ ΑΘΑΝΑΣΙΟΣ','42130300','Δ.Δ. Ελευθερών','42130000','ΚΟΙΛΑΔΑΣ','42000000','ΛΑΡΙΣΗΣ','8οΧΛ ΛΑΡΙΣΑΣ-ΚΑΡΔΙΤΣΑΣ ΕΛΕΥΘΕΡΑΙ','2410811011','user148'),(10594,39.6328309,22.4056080,5,'ΕΤΕΚΑ','ARISTON I.K.E.','42010100','Δ.Δ. Λαρίσης','42010000','ΛΑΡΙΣΑΣ','42000000','ΛΑΡΙΣΗΣ','IΩΑΝΝΙΝΩΝ 16 - ΛΑΡΙΣΑ',NULL,'user149'),(10671,39.6077624,22.4389702,5,'ΕΤΕΚΑ','ΠΑΠΑΔΗΜΗΤΡΙΟΥ Β. ΕΛΕΝΗ','42010100','Δ.Δ. Λαρίσης','42010000','ΛΑΡΙΣΑΣ','42000000','ΛΑΡΙΣΗΣ','3ο ΧΛΜ Π.Ε.Ο. ΛΑΡΙΣΑΣ-ΑΘΗΝΑΣ',NULL,'user150'),(10872,39.8935083,22.2008136,10,'BP','ΕΚΟ-ΚΑΛΥΨΩ Νο 147 ΕΛΑΣΣΟΝΑ','42080100','Δ.Δ. Ελασσόνος','42080000','ΕΛΑΣΣΟΝΟΣ','42000000','ΛΑΡΙΣΗΣ','1ο ΧΛΜ ΕΛΑΣΣΟΝΑΣ - ΛΑΡΙΣΑΣ',NULL,'user151'),(10933,39.6329318,22.4086743,3,'SHELL','ΥΙΟΙ ΑΣΤ. ΓΚΟΥΓΚΟΥΛΗ Ο.Ε.','42010100','Δ.Δ. Λαρίσης','42010000','ΛΑΡΙΣΑΣ','42000000','ΛΑΡΙΣΗΣ','ΗΡ. ΠΟΛΥΤΕΧΝΕΙΟΥ 9 - ΛΑΡΙΣΑ',NULL,'user152'),(10990,39.6355210,22.4275017,10,'BP','ΑΚΡΙΒΟΥΛΗ-ΙΩΑΝΝΙΔΗ ΓΛΥΚΕΡΙΑ','42010100','Δ.Δ. Λαρίσης','42010000','ΛΑΡΙΣΑΣ','42000000','ΛΑΡΙΣΗΣ','23ης ΟΚΤΩΒΡΙΟΥ 98 & Γ ΣΕΦΕΡΗ',NULL,'user153'),(11054,39.6917330,22.3671481,1,'Α.Π.','ΝΙΝΟΠΟΥΛΟΣ Δ.ΠΑΝΑΓΙΩΤΗΣ','42060100','Δ.Δ. Γιάννουλης','42060000','ΓΙΑΝΝΟΥΛΗΣ','42000000','ΛΑΡΙΣΗΣ','6o ΧΛΜ ΛΑΡΙΣΑΣ-ΑΜΠΕΛΩΝΑ ΛΑΡΙΣΑ',NULL,'user154'),(11062,39.6471748,22.4305987,11,'ΕΛΙΝΟΙΛ','Γ&Σ ΜΗΤΣΙΜΠΟΝΑΣ Ο.Ε.','42010100','Δ.Δ. Λαρίσης','42010000','ΛΑΡΙΣΑΣ','42000000','ΛΑΡΙΣΗΣ','ΑΕΡΟΔΡΟΜΙΟΥ 78 ΛΑΡΙΣΑ',NULL,'user155'),(11093,39.6319043,22.4121809,2,'JETOIL','ΓΚΕΒΡΟΣ ΔΗΜ. ΒΑΙΟΣ','42010100','Δ.Δ. Λαρίσης','42010000','ΛΑΡΙΣΑΣ','42000000','ΛΑΡΙΣΗΣ','ΗΡΩΩΝ ΠΟΛΥΤΕΧΝΕΙΟΥ 14, ΛΑΡΙΣΑ',NULL,'user156'),(11094,39.6262373,22.4321489,5,'ΕΤΕΚΑ','ARISTON IKE','42010100','Δ.Δ. Λαρίσης','42010000','ΛΑΡΙΣΑΣ','42000000','ΛΑΡΙΣΗΣ','1oXΛΜ ΛΑΡΙΣΑΣ-ΑΘΗΝΩΝ',NULL,'user157'),(11138,39.8698494,22.7242064,10,'BP','ΣΕΛΗΝΗΣ ΝΙΚΟΛΑΟΣ','42100100','Δ.Δ. Στομίου','42100000','ΕΥΡΥΜΕΝΩΝ','42000000','ΛΑΡΙΣΗΣ','ΣΤΟΜΙΟ ΛΑΡΙΣΑΣ',NULL,'user158');

/*Table structure for table `group_has_permission` */

DROP TABLE IF EXISTS `group_has_permission`;

CREATE TABLE `group_has_permission` (
  `groupID` int(11) NOT NULL,
  `permID` int(11) NOT NULL,
  PRIMARY KEY (`groupID`,`permID`),
  KEY `fk_group_has_perm` (`permID`),
  CONSTRAINT `fk_group_has_group` FOREIGN KEY (`groupID`) REFERENCES `groups` (`groupID`) ON DELETE NO ACTION ON UPDATE CASCADE,
  CONSTRAINT `fk_group_has_perm` FOREIGN KEY (`permID`) REFERENCES `permissions` (`permID`) ON DELETE NO ACTION ON UPDATE CASCADE
) ENGINE=InnoDB DEFAULT CHARSET=utf8 COLLATE=utf8_general_mysql500_ci;

/*Data for the table `group_has_permission` */

insert  into `group_has_permission`(`groupID`,`permID`) values (1,1),(2,2),(1,3);

/*Table structure for table `groups` */

DROP TABLE IF EXISTS `groups`;

CREATE TABLE `groups` (
  `groupID` int(11) NOT NULL AUTO_INCREMENT,
  `groupName` varchar(45) COLLATE utf8_general_mysql500_ci NOT NULL,
  PRIMARY KEY (`groupID`)
) ENGINE=InnoDB AUTO_INCREMENT=3 DEFAULT CHARSET=utf8 COLLATE=utf8_general_mysql500_ci;

/*Data for the table `groups` */

insert  into `groups`(`groupID`,`groupName`) values (1,'Gas Station Owners'),(2,'Gas Station Client');

/*Table structure for table `migrations` */

DROP TABLE IF EXISTS `migrations`;

CREATE TABLE `migrations` (
  `id` int(10) unsigned NOT NULL AUTO_INCREMENT,
  `migration` varchar(255) COLLATE utf8_unicode_ci NOT NULL,
  `batch` int(11) NOT NULL,
  PRIMARY KEY (`id`)
) ENGINE=InnoDB AUTO_INCREMENT=11 DEFAULT CHARSET=utf8 COLLATE=utf8_unicode_ci;

/*Data for the table `migrations` */

insert  into `migrations`(`id`,`migration`,`batch`) values (1,'2016_12_13_200005_create_gasstations',1),(2,'2016_12_13_203936_add_values_to_gasstaions_table',1),(3,'2016_12_16_223742_create_pricedata_table',1),(4,'2016_12_16_224252_add_values_to_pridata_table',1),(5,'2016_12_16_230332_create_users_table',1),(6,'2016_12_16_231908_add_values_to_user_table',1),(7,'2016_12_16_232655_fk_to_gasstations_table',1),(8,'2016_12_19_170910_add_api_token_column_to_table_users',2),(10,'2016_12_19_190142_add_api_token_expire_tine_column_to_table_users',3);

/*Table structure for table `orders` */

DROP TABLE IF EXISTS `orders`;

CREATE TABLE `orders` (
  `id` int(11) NOT NULL AUTO_INCREMENT,
  `client` varchar(45) COLLATE utf8_general_mysql500_ci NOT NULL,
  `priceDataID` int(11) NOT NULL,
  `quantity` float NOT NULL,
  `fuelPrice` decimal(4,3) NOT NULL,
  `fuelName` varchar(128) COLLATE utf8_general_mysql500_ci NOT NULL,
  `owner` varchar(45) COLLATE utf8_general_mysql500_ci NOT NULL,
  `create_time` timestamp NOT NULL DEFAULT CURRENT_TIMESTAMP,
  PRIMARY KEY (`id`),
  KEY `fk_orders_pricedata` (`priceDataID`),
  KEY `fk_orders_owner` (`owner`),
  KEY `fk_orders_client` (`client`),
  CONSTRAINT `fk_orders_client` FOREIGN KEY (`client`) REFERENCES `users` (`username`) ON DELETE NO ACTION ON UPDATE CASCADE,
  CONSTRAINT `fk_orders_owner` FOREIGN KEY (`owner`) REFERENCES `users` (`username`) ON DELETE NO ACTION ON UPDATE CASCADE,
  CONSTRAINT `fk_orders_pricedata` FOREIGN KEY (`priceDataID`) REFERENCES `pricedata` (`priceDataID`) ON DELETE NO ACTION ON UPDATE CASCADE
) ENGINE=InnoDB AUTO_INCREMENT=5 DEFAULT CHARSET=utf8 COLLATE=utf8_general_mysql500_ci;

/*Data for the table `orders` */

insert  into `orders`(`id`,`client`,`priceDataID`,`quantity`,`fuelPrice`,`fuelName`,`owner`,`create_time`) values (1,'client1',2,10,1.545,'Αμόλυβδη 100','user1','2016-12-20 19:08:21'),(2,'client1',2,10,1.545,'Αμόλυβδη 100','user1','2016-12-20 19:08:21'),(3,'client1',4,1.5,1.047,'AVIN Diesel Best','user1','2016-12-20 19:08:21'),(4,'client1',4,2.5,1.047,'AVIN Diesel Best','user1','2016-12-20 19:08:42');

/*Table structure for table `permissions` */

DROP TABLE IF EXISTS `permissions`;

CREATE TABLE `permissions` (
  `permID` int(11) NOT NULL AUTO_INCREMENT,
  `permName` varchar(45) COLLATE utf8_general_mysql500_ci NOT NULL,
  `method` varchar(455) COLLATE utf8_general_mysql500_ci NOT NULL,
  PRIMARY KEY (`permID`)
) ENGINE=InnoDB AUTO_INCREMENT=4 DEFAULT CHARSET=utf8 COLLATE=utf8_general_mysql500_ci;

/*Data for the table `permissions` */

insert  into `permissions`(`permID`,`permName`,`method`) values (1,'api/v1/pricedata','put'),(2,'api/v1/orders','post'),(3,'api/v1/orders','get');

/*Table structure for table `pricedata` */

DROP TABLE IF EXISTS `pricedata`;

CREATE TABLE `pricedata` (
  `priceDataID` int(11) NOT NULL AUTO_INCREMENT,
  `gasStationID` smallint(5) unsigned NOT NULL,
  `fuelTypeID` tinyint(3) unsigned NOT NULL,
  `fuelSubTypeID` tinyint(3) unsigned NOT NULL,
  `fuelNormalName` varchar(64) COLLATE utf8_general_mysql500_ci NOT NULL,
  `fuelName` varchar(128) COLLATE utf8_general_mysql500_ci NOT NULL,
  `fuelPrice` decimal(4,3) NOT NULL,
  `dateUpdated` timestamp NULL DEFAULT NULL,
  `isPremium` tinyint(1) DEFAULT NULL,
  PRIMARY KEY (`priceDataID`),
  UNIQUE KEY `uk_pricedata` (`gasStationID`,`fuelTypeID`,`fuelSubTypeID`),
  KEY `id` (`priceDataID`),
  CONSTRAINT `fk_pricedata_gasstation` FOREIGN KEY (`gasStationID`) REFERENCES `gasstations` (`gasStationID`) ON DELETE NO ACTION ON UPDATE CASCADE
) ENGINE=InnoDB AUTO_INCREMENT=94 DEFAULT CHARSET=utf8 COLLATE=utf8_general_mysql500_ci;

/*Data for the table `pricedata` */

insert  into `pricedata`(`priceDataID`,`gasStationID`,`fuelTypeID`,`fuelSubTypeID`,`fuelNormalName`,`fuelName`,`fuelPrice`,`dateUpdated`,`isPremium`) values (1,441,1,9,'Αμόλυβδη 95','Αμόλυβδη AVIN Best 95',1.379,'2016-12-01 09:54:39',0),(2,441,2,0,'Αμόλυβδη 100','Αμόλυβδη 100',1.545,'2016-12-01 09:54:46',0),(3,441,4,17,'Diesel Κίνησης','AVIN Diesel Best ACTION',1.117,'2016-12-01 09:55:07',1),(4,441,4,18,'Diesel Κίνησης','AVIN Diesel Best',1.047,'2016-12-01 09:55:00',0),(5,442,1,1,'Αμόλυβδη 95 V-Power','Shell Αμόλυβδη 95 V-Power',1.478,'2016-11-30 10:31:14',1),(6,442,1,6,'Αμόλυβδη 95','Shell Αμόλυβδη Ενισχυμένη 95 οκτανίων',1.398,'2016-11-30 10:31:02',0),(7,442,2,1,'Αμόλυβδη 100','Shell Αμόλυβδη 100 V-Power Racing',1.745,'2016-11-30 10:31:23',1),(8,442,4,2,'Diesel Κίνησης','Shell Μείγμα Κίνησης Βιοντήζελ Extra',1.065,'2016-11-30 10:31:36',0),(9,442,4,4,'Diesel Κίνησης','Shell V-Power Diesel',1.145,'2016-11-30 10:31:46',1),(10,443,1,0,'Αμόλυβδη 95','Αμόλυβδη 95',1.395,'2016-11-03 11:49:57',0),(11,443,2,0,'`Αμόλυβδη 100','Αμόλυβδη 100',1.568,'2016-11-03 11:50:19',0),(12,443,4,0,'Diesel Κίνησης','Diesel Κίνησης',1.098,'2016-11-03 11:50:35',0),(13,443,4,16,'Diesel Κίνησης','Diesel Κίνησης D-FORCE',1.148,'2016-11-03 11:50:44',1),(14,444,1,0,'Αμόλυβδη 95','Αμόλυβδη 95',1.395,'2016-11-07 10:01:24',0),(15,444,2,0,'Αμόλυβδη 100','Αμόλυβδη 100',1.568,'2016-10-11 18:57:33',0),(16,444,4,0,'Diesel Κίνησης','Diesel Κίνησης',1.098,'2016-10-11 18:57:48',0),(17,444,4,16,'Diesel Κίνησης','Diesel Κίνησης D-FORCE',1.148,'2016-10-05 13:29:49',1),(18,445,1,9,'Αμόλυβδη 95','Αμόλυβδη AVIN Best 95',1.378,'2016-11-25 15:34:30',0),(19,445,4,22,'Diesel Κίνησης','AVIN Diesel κίνησης',1.048,'2016-12-01 14:53:35',0),(20,446,1,9,'Αμόλυβδη 95','Αμόλυβδη AVIN Best 95',1.378,'2016-12-01 06:16:03',0),(21,446,2,0,'Αμόλυβδη 100','Αμόλυβδη 100',1.545,'2016-12-01 06:16:12',0),(22,446,4,18,'Diesel Κίνησης','AVIN Diesel Best',1.049,'2016-12-01 06:16:20',0),(23,447,1,1,'Αμόλυβδη 95 V-Power','Shell Αμόλυβδη 95 V-Power',1.478,'2016-12-01 08:52:20',1),(24,447,1,6,'Αμόλυβδη 95','Shell Αμόλυβδη Ενισχυμένη 95 οκτανίων',1.398,'2016-12-01 08:52:13',0),(25,447,2,1,'Αμόλυβδη 100','Shell Αμόλυβδη 100 V-Power Racing',1.745,'2016-12-01 08:52:27',1),(26,447,4,2,'Diesel Κίνησης','Shell Μείγμα Κίνησης Βιοντήζελ Extra',1.065,'2016-12-01 08:52:33',0),(27,447,4,4,'Diesel Κίνησης','Shell V-Power Diesel',1.065,'2016-12-01 08:52:41',1),(28,448,1,5,'Αμόλυβδη 95','ΕΚΟ Kinitron Unleaded 95 Plus',1.399,'2016-11-24 18:17:20',0),(29,448,2,2,'Αμόλυβδη 100','ΕΚΟ Kinitron Unleaded 100 Speed',1.589,'2016-11-24 18:17:26',0),(30,448,4,13,'Diesel Κίνησης','EKO DIESEL EKONOMY',1.089,'2016-11-24 18:17:33',0),(31,448,4,14,'Diesel Κίνησης','EKO DIESEL Avio',1.159,'2016-11-24 18:17:40',1),(32,448,5,0,'Diesel Θέρμανσης','Diesel Θέρμασης',0.910,'2016-11-24 18:17:48',0),(33,448,6,0,'Υγραέριο Κίνησης','Υγραέριο κίνησης (Autogas)',0.668,'2016-11-24 18:17:55',0),(34,449,1,1,'`Αμόλυβδη 95 V-Power','Shell Αμόλυβδη 95 V-Power',1.478,'2016-12-01 09:25:19',1),(35,449,1,6,'`Αμόλυβδη 95','Shell Αμόλυβδη Ενισχυμένη 95 οκτανίων',1.398,'2016-12-01 09:25:01',0),(36,449,2,1,'`Αμόλυβδη 100','Shell Αμόλυβδη 100 V-Power Racing',1.745,'2016-12-01 09:25:30',1),(37,449,4,2,'`Diesel Κίνησης','Shell Μείγμα Κίνησης Βιοντήζελ Extra',1.065,'2016-12-01 09:25:46',0),(38,449,4,4,'D`iesel Κίνησης','Shell V-Power Diesel',1.065,'2016-12-01 09:26:09',1),(39,449,4,6,'D`iesel Κίνησης','Shell Πετρέλαιο Κίνησης Extra',1.058,'2016-07-12 09:50:57',0),(40,450,1,1,'Αμόλυβδη 95 V-Power','Shell Αμόλυβδη 95 V-Power',1.478,'2016-12-01 05:57:18',1),(41,450,1,6,'Αμόλυβδη 95','Shell Αμόλυβδη Ενισχυμένη 95 οκτανίων',1.398,'2016-12-01 05:57:06',0),(42,450,2,1,'Αμόλυβδη 100','Shell Αμόλυβδη 100 V-Power Racing',1.745,'2016-12-01 05:57:27',1),(43,450,4,2,'Diesel Κίνησης','Shell Μείγμα Κίνησης Βιοντήζελ Extra',1.065,'2016-12-01 05:57:45',0),(44,450,4,4,'Diesel Κίνησης','Shell V-Power Diesel',1.065,'2016-12-01 05:57:58',1),(45,450,4,6,'Diesel Κίνησης','Shell Πετρέλαιο Κίνησης Extra',1.087,'2016-10-24 06:09:03',0),(46,450,6,0,'Υγραέριο Κίνησης','Υγραέριο κίνησης (Autogas)',0.665,'2016-12-01 05:58:14',0),(47,451,1,0,'Αμόλυβδη 95','Αμόλυβδη 95',1.398,'2016-07-11 06:52:31',0),(48,451,1,2,'Αμόλυβδη 95','BP Unleaded 95',1.418,'2016-11-30 15:34:13',0),(49,451,2,0,'Αμόλυβδη 100','Αμόλυβδη 100',1.569,'2016-07-11 08:11:00',0),(50,451,2,3,'Αμόλυβδη 100','BP Ultimate 100',1.618,'2016-11-30 15:34:24',0),(51,451,4,0,'`Diesel Κίνησης','Diesel Κίνησης',1.059,'2016-07-11 06:53:28',0),(52,451,4,5,'Diesel Κίνησης','BP Super Diesel',1.088,'2016-11-30 15:34:44',0),(53,451,4,11,'Diesel Κίνησης','ΕΛΙΝ Diesel Crystal',1.109,'2016-07-11 06:53:17',1),(54,451,4,12,'Diesel Κίνησης','BP Ultimate Diesel',1.159,'2016-11-30 15:34:56',1),(55,451,5,3,'Diesel Θέρμανσης','BP Heat',0.900,'2016-11-10 08:03:27',0),(56,451,7,3,'Diesel Θέρμανσης κ.ο. 500-1000 lt','BP Heat - K.O. μεταξύ 500 και 1000 lt',0.900,'2016-11-12 19:53:44',0),(57,451,7,5,'Diesel Θέρμανσης κ.ο. <500 lt','BP Heat - K.O. < 500 lt',0.920,'2016-11-30 15:33:37',0),(58,451,7,8,'Diesel Θέρμανσης κ.ο. 500-1000 lt','BP Super Heat - K.O. μεταξύ 500 και 1000 lt',0.900,'2016-11-30 15:32:44',1),(59,451,7,12,'Diesel Θέρμανσης κ.ο. >1000 lt','BP Heat - K.O. > 1000 lt',0.900,'2016-11-30 15:32:30',0),(60,451,7,16,'Diesel Θέρμανσης κ.ο. <500 lt','BP Super Heat - K.O. < 500 lt',0.920,'2016-11-14 10:08:14',1),(61,452,1,5,'Αμόλυβδη 95','ΕΚΟ Kinitron Unleaded 95 Plus',1.419,'2016-11-28 15:44:53',0),(62,452,2,2,'Αμόλυβδη 100','ΕΚΟ Kinitron Unleaded 100 Speed',1.599,'2016-11-28 15:45:38',0),(63,452,4,13,'Diesel Κίνησης','EKO DIESEL EKONOMY',1.089,'2016-11-28 15:45:05',0),(64,452,4,14,'Diesel Κίνησης','EKO DIESEL Avio',1.159,'2016-11-28 15:45:50',1),(65,452,6,0,'Υγραέριο Κίνησης','Υγραέριο κίνησης (Autogas)',0.668,'2016-11-28 15:46:02',0),(66,453,1,1,'Αμόλυβδη 95 V-Power','Shell Αμόλυβδη 95 V-Power',1.478,'2016-11-30 09:03:18',1),(67,453,1,6,'`Αμόλυβδη 95','Shell Αμόλυβδη Ενισχυμένη 95 οκτανίων',1.408,'2016-11-30 09:03:52',0),(68,453,2,1,'`Αμόλυβδη 100','Shell Αμόλυβδη 100 V-Power Racing',1.745,'2016-10-05 08:36:00',1),(69,453,3,3,'S`uper','Shell Νέα Σούπερ',1.468,'2016-11-15 09:15:31',0),(70,453,4,2,'Diesel Κίνησης','Shell Μείγμα Κίνησης Βιοντήζελ Extra',1.108,'2016-11-01 09:52:41',0),(71,453,4,4,'Diesel Κίνησης','Shell V-Power Diesel',1.098,'2016-12-01 08:58:37',1),(72,453,5,2,'Diesel Θέρμανσης','Shell Πετρέλαιο Θέρμανσης',0.910,'2016-11-29 09:49:31',0),(73,454,1,1,'Αμόλυβδη 95 V-Power','Shell Αμόλυβδη 95 V-Power',1.408,'2016-11-29 12:25:41',1),(74,454,1,6,'Αμόλυβδη 95','Shell Αμόλυβδη Ενισχυμένη 95 οκτανίων',1.398,'2016-11-29 12:25:28',0),(75,454,2,1,'Αμόλυβδη 100','Shell Αμόλυβδη 100 V-Power Racing',1.745,'2016-11-29 12:25:48',1),(76,454,4,2,'`Diesel Κίνησης','Shell Μείγμα Κίνησης Βιοντήζελ Extra',1.065,'2016-12-01 12:18:45',0),(77,454,4,4,'`Diesel Κίνησης','Sh`ell V-Power Diesel',1.065,'2016-12-01 12:18:52',1),(78,455,1,1,'`Αμόλυβδη 95 V-Power','Shell Αμόλυβδη 95 V-Power',1.478,'2016-12-01 06:06:46',1),(79,455,1,6,'`Αμόλυβδη 95','Shell Αμόλυβδη Ενισχυμένη 95 οκτανίων',1.398,'2016-12-01 06:06:24',0),(80,455,2,1,'Α`μόλυβδη 100','Shell Αμόλυβδη 100 V-Power Racing',1.745,'2016-12-01 06:07:01',1),(81,455,4,2,'Diesel Κίνησης','Shell Μείγμα Κίνησης Βιοντήζελ Extra',1.065,'2016-12-01 06:07:19',0),(82,455,4,4,'Diesel Κίνησης','Shell V-Power Diesel',1.065,'2016-12-01 06:07:44',1),(83,457,1,2,'Αμόλυβδη 95','BP Unleaded 95',1.449,'2016-11-26 08:55:29',0),(84,457,2,3,'Αμόλυβδη 100','BP Ultimate 100',1.619,'2016-11-26 08:55:43',0),(85,457,4,5,'Diesel Κίνησης','BP Super Diesel',1.119,'2016-11-26 08:56:05',0),(86,457,4,12,'Diesel Κίνησης','BP Ultimate Diesel',1.199,'2016-11-26 08:56:25',1),(87,457,6,0,'`Υγραέριο Κίνησης','Υγραέριο κίνησης (Autogas)',0.689,'2016-10-09 08:14:01',0),(88,457,7,3,'`Diesel Θέρμανσης κ.ο. 500-1000 lt','BP Heat - K.O. μεταξύ 500 και 1000 lt',0.920,'2016-11-26 08:57:21',0),(89,457,7,5,'D`iesel Θέρμανσης κ.ο. <500 lt','BP Heat - K.O. < 500 lt',0.940,'2016-11-26 08:56:38',0),(90,457,7,12,'Diesel Θέρμανσης κ.ο. >1000 lt','BP Heat - K.O. > 1000 lt',0.910,'2016-11-26 08:57:35',0),(91,458,1,4,'Αμόλυβδη 95','Revoil αμόλυβδη 95 xtra4',1.405,'2016-07-07 12:09:39',0),(92,458,2,5,'Αμόλυβδη 100','Revoil Αμόλυβδη 100 xtra4',1.559,'2016-07-07 12:10:21',0),(93,458,4,1,'Diesel Κίνησης','Revoil Πετρέλαιο Κίνησης xtra4',1.095,'2016-07-07 12:11:55',0);

/*Table structure for table `user_has_group` */

DROP TABLE IF EXISTS `user_has_group`;

CREATE TABLE `user_has_group` (
  `username` varchar(45) COLLATE utf8_general_mysql500_ci NOT NULL,
  `groupID` int(11) NOT NULL,
  PRIMARY KEY (`username`,`groupID`),
  KEY `fk_user_has_group_groups` (`groupID`),
  CONSTRAINT `fk_user_has_group_groups` FOREIGN KEY (`groupID`) REFERENCES `groups` (`groupID`) ON DELETE NO ACTION ON UPDATE CASCADE,
  CONSTRAINT `fk_user_has_group_users` FOREIGN KEY (`username`) REFERENCES `users` (`username`) ON DELETE NO ACTION ON UPDATE CASCADE
) ENGINE=InnoDB DEFAULT CHARSET=utf8 COLLATE=utf8_general_mysql500_ci;

/*Data for the table `user_has_group` */

insert  into `user_has_group`(`username`,`groupID`) values ('user1',1),('user10',1),('user100',1),('user101',1),('user102',1),('user103',1),('user104',1),('user105',1),('user106',1),('user107',1),('user108',1),('user109',1),('user11',1),('user110',1),('user111',1),('user112',1),('user113',1),('user114',1),('user115',1),('user116',1),('user117',1),('user118',1),('user119',1),('user12',1),('user120',1),('user121',1),('user122',1),('user123',1),('user124',1),('user125',1),('user126',1),('user127',1),('user128',1),('user129',1),('user13',1),('user130',1),('user131',1),('user132',1),('user133',1),('user134',1),('user135',1),('user136',1),('user137',1),('user138',1),('user139',1),('user14',1),('user140',1),('user141',1),('user142',1),('user143',1),('user144',1),('user145',1),('user146',1),('user147',1),('user148',1),('user149',1),('user15',1),('user150',1),('user151',1),('user152',1),('user153',1),('user154',1),('user155',1),('user156',1),('user157',1),('user158',1),('user159',1),('user16',1),('user160',1),('user17',1),('user18',1),('user19',1),('user2',1),('user20',1),('user21',1),('user22',1),('user23',1),('user24',1),('user25',1),('user26',1),('user27',1),('user28',1),('user29',1),('user3',1),('user30',1),('user31',1),('user32',1),('user33',1),('user34',1),('user35',1),('user36',1),('user37',1),('user38',1),('user39',1),('user4',1),('user40',1),('user41',1),('user42',1),('user43',1),('user44',1),('user45',1),('user46',1),('user47',1),('user48',1),('user49',1),('user5',1),('user50',1),('user51',1),('user52',1),('user53',1),('user54',1),('user55',1),('user56',1),('user57',1),('user58',1),('user59',1),('user6',1),('user60',1),('user61',1),('user62',1),('user63',1),('user64',1),('user65',1),('user66',1),('user67',1),('user68',1),('user69',1),('user7',1),('user70',1),('user71',1),('user72',1),('user73',1),('user74',1),('user75',1),('user76',1),('user77',1),('user78',1),('user79',1),('user8',1),('user80',1),('user81',1),('user82',1),('user83',1),('user84',1),('user85',1),('user86',1),('user87',1),('user88',1),('user89',1),('user9',1),('user90',1),('user91',1),('user92',1),('user93',1),('user94',1),('user95',1),('user96',1),('user97',1),('user98',1),('user99',1),('client1',2);

/*Table structure for table `user_has_permission` */

DROP TABLE IF EXISTS `user_has_permission`;

CREATE TABLE `user_has_permission` (
  `username` varchar(45) COLLATE utf8_general_mysql500_ci NOT NULL,
  `permID` int(11) NOT NULL,
  PRIMARY KEY (`username`,`permID`),
  KEY `fk_user_has_perm` (`permID`),
  CONSTRAINT `fk_user_has_perm` FOREIGN KEY (`permID`) REFERENCES `permissions` (`permID`) ON DELETE NO ACTION ON UPDATE CASCADE,
  CONSTRAINT `fk_user_has_user` FOREIGN KEY (`username`) REFERENCES `users` (`username`) ON DELETE NO ACTION ON UPDATE CASCADE
) ENGINE=InnoDB DEFAULT CHARSET=utf8 COLLATE=utf8_general_mysql500_ci;

/*Data for the table `user_has_permission` */

/*Table structure for table `users` */

DROP TABLE IF EXISTS `users`;

CREATE TABLE `users` (
  `username` varchar(45) COLLATE utf8_general_mysql500_ci NOT NULL,
  `email` varchar(255) COLLATE utf8_general_mysql500_ci DEFAULT NULL,
  `password` varchar(32) COLLATE utf8_general_mysql500_ci NOT NULL,
  `create_time` timestamp NULL DEFAULT CURRENT_TIMESTAMP,
  `api_token` varchar(255) COLLATE utf8_general_mysql500_ci DEFAULT NULL,
  `api_token_expire_time` int(11) NOT NULL DEFAULT '0',
  PRIMARY KEY (`username`)
) ENGINE=InnoDB DEFAULT CHARSET=utf8 COLLATE=utf8_general_mysql500_ci;

/*Data for the table `users` */

insert  into `users`(`username`,`email`,`password`,`create_time`,`api_token`,`api_token_expire_time`) values ('client1','client1@gmail.com','client1','2016-12-20 17:51:27','L6tomANhhvikrHTzsWes5eVDnoasgHcOaxXo8Bnn2aeYosBgmubPadgkytPk',1482263867),('user1','email1@gmail.com','pass1','2016-12-19 17:05:41','nrqPeR4o3JpF6lNQYoK3BfWLwj6fif1SZWkqT8ZWw4jByaWbV8AR57WvFScJ',1482264219),('user10','email10@gmail.com','pass10','2016-12-19 17:05:41','',0),('user100','email100@gmail.com','pass100','2016-12-19 17:05:41','',0),('user101','email101@gmail.com','pass101','2016-12-19 17:05:41','',0),('user102','email102@gmail.com','pass102','2016-12-19 17:05:41','',0),('user103','email103@gmail.com','pass103','2016-12-19 17:05:41','',0),('user104','email104@gmail.com','pass104','2016-12-19 17:05:41','',0),('user105','email105@gmail.com','pass105','2016-12-19 17:05:41','',0),('user106','email106@gmail.com','pass106','2016-12-19 17:05:41','',0),('user107','email107@gmail.com','pass107','2016-12-19 17:05:41','',0),('user108','email108@gmail.com','pass108','2016-12-19 17:05:41','',0),('user109','email109@gmail.com','pass109','2016-12-19 17:05:41','',0),('user11','email11@gmail.com','pass11','2016-12-19 17:05:41','',0),('user110','email110@gmail.com','pass110','2016-12-19 17:05:41','',0),('user111','email111@gmail.com','pass111','2016-12-19 17:05:41','',0),('user112','email112@gmail.com','pass112','2016-12-19 17:05:41','',0),('user113','email113@gmail.com','pass113','2016-12-19 17:05:41','',0),('user114','email114@gmail.com','pass114','2016-12-19 17:05:41','',0),('user115','email115@gmail.com','pass115','2016-12-19 17:05:41','',0),('user116','email116@gmail.com','pass116','2016-12-19 17:05:41','',0),('user117','email117@gmail.com','pass117','2016-12-19 17:05:41','',0),('user118','email118@gmail.com','pass118','2016-12-19 17:05:41','',0),('user119','email119@gmail.com','pass119','2016-12-19 17:05:41','',0),('user12','email12@gmail.com','pass12','2016-12-19 17:05:41','',0),('user120','email120@gmail.com','pass120','2016-12-19 17:05:41','',0),('user121','email121@gmail.com','pass121','2016-12-19 17:05:41','',0),('user122','email122@gmail.com','pass122','2016-12-19 17:05:41','',0),('user123','email123@gmail.com','pass123','2016-12-19 17:05:41','',0),('user124','email124@gmail.com','pass124','2016-12-19 17:05:41','',0),('user125','email125@gmail.com','pass125','2016-12-19 17:05:41','',0),('user126','email126@gmail.com','pass126','2016-12-19 17:05:41','',0),('user127','email127@gmail.com','pass127','2016-12-19 17:05:41','',0),('user128','email128@gmail.com','pass128','2016-12-19 17:05:41','',0),('user129','email129@gmail.com','pass129','2016-12-19 17:05:41','',0),('user13','email13@gmail.com','pass13','2016-12-19 17:05:41','',0),('user130','email130@gmail.com','pass130','2016-12-19 17:05:41','',0),('user131','email131@gmail.com','pass131','2016-12-19 17:05:41','',0),('user132','email132@gmail.com','pass132','2016-12-19 17:05:41','',0),('user133','email133@gmail.com','pass133','2016-12-19 17:05:41','',0),('user134','email134@gmail.com','pass134','2016-12-19 17:05:41','',0),('user135','email135@gmail.com','pass135','2016-12-19 17:05:41','',0),('user136','email136@gmail.com','pass136','2016-12-19 17:05:41','',0),('user137','email137@gmail.com','pass137','2016-12-19 17:05:41','',0),('user138','email138@gmail.com','pass138','2016-12-19 17:05:41','',0),('user139','email139@gmail.com','pass139','2016-12-19 17:05:41','',0),('user14','email14@gmail.com','pass14','2016-12-19 17:05:41','',0),('user140','email140@gmail.com','pass140','2016-12-19 17:05:41','',0),('user141','email141@gmail.com','pass141','2016-12-19 17:05:41','',0),('user142','email142@gmail.com','pass142','2016-12-19 17:05:41','',0),('user143','email143@gmail.com','pass143','2016-12-19 17:05:41','',0),('user144','email144@gmail.com','pass144','2016-12-19 17:05:41','',0),('user145','email145@gmail.com','pass145','2016-12-19 17:05:41','',0),('user146','email146@gmail.com','pass146','2016-12-19 17:05:41','',0),('user147','email147@gmail.com','pass147','2016-12-19 17:05:41','',0),('user148','email148@gmail.com','pass148','2016-12-19 17:05:41','',0),('user149','email149@gmail.com','pass149','2016-12-19 17:05:41','',0),('user15','email15@gmail.com','pass15','2016-12-19 17:05:41','',0),('user150','email150@gmail.com','pass150','2016-12-19 17:05:41','',0),('user151','email151@gmail.com','pass151','2016-12-19 17:05:41','',0),('user152','email152@gmail.com','pass152','2016-12-19 17:05:41','',0),('user153','email153@gmail.com','pass153','2016-12-19 17:05:41','',0),('user154','email154@gmail.com','pass154','2016-12-19 17:05:41','',0),('user155','email155@gmail.com','pass155','2016-12-19 17:05:41','',0),('user156','email156@gmail.com','pass156','2016-12-19 17:05:41','',0),('user157','email157@gmail.com','pass157','2016-12-19 17:05:41','',0),('user158','email158@gmail.com','pass158','2016-12-19 17:05:41','',0),('user159','email159@gmail.com','pass159','2016-12-19 17:05:41','',0),('user16','email16@gmail.com','pass16','2016-12-19 17:05:41','',0),('user160','email160@gmail.com','pass160','2016-12-19 17:05:41','',0),('user17','email17@gmail.com','pass17','2016-12-19 17:05:41','',0),('user18','email18@gmail.com','pass18','2016-12-19 17:05:41','',0),('user19','email19@gmail.com','pass19','2016-12-19 17:05:41','',0),('user2','email2@gmail.com','pass2','2016-12-19 17:05:41','bCUxE8QTChPjUQehM0KkhLiRn8kuCovKLKsAtrdgStl0Tk6XudVrwkbSLg26',1482202078),('user20','email20@gmail.com','pass20','2016-12-19 17:05:41','',0),('user21','email21@gmail.com','pass21','2016-12-19 17:05:41','',0),('user22','email22@gmail.com','pass22','2016-12-19 17:05:41','cmVONIIa7ABHAhX6lgglYTewHlOxjEIuVSFyZ4Pkauf4AfPsfGKhR3lnquXB',0),('user23','email23@gmail.com','pass23','2016-12-19 17:05:41','',0),('user24','email24@gmail.com','pass24','2016-12-19 17:05:41','',0),('user25','email25@gmail.com','pass25','2016-12-19 17:05:41','',0),('user26','email26@gmail.com','pass26','2016-12-19 17:05:41','',0),('user27','email27@gmail.com','pass27','2016-12-19 17:05:41','',0),('user28','email28@gmail.com','pass28','2016-12-19 17:05:41','',0),('user29','email29@gmail.com','pass29','2016-12-19 17:05:41','',0),('user3','email3@gmail.com','pass3','2016-12-19 17:05:41','oJynxpbVWYpDn0q5pJr5MwsAXsN3je9w7Al719MjrOaQQSFjcxzurmF7Nvcm',1482204035),('user30','email30@gmail.com','pass30','2016-12-19 17:05:41','',0),('user31','email31@gmail.com','pass31','2016-12-19 17:05:41','',0),('user32','email32@gmail.com','pass32','2016-12-19 17:05:41','',0),('user33','email33@gmail.com','pass33','2016-12-19 17:05:41','',0),('user34','email34@gmail.com','pass34','2016-12-19 17:05:41','',0),('user35','email35@gmail.com','pass35','2016-12-19 17:05:41','',0),('user36','email36@gmail.com','pass36','2016-12-19 17:05:41','',0),('user37','email37@gmail.com','pass37','2016-12-19 17:05:41','',0),('user38','email38@gmail.com','pass38','2016-12-19 17:05:41','',0),('user39','email39@gmail.com','pass39','2016-12-19 17:05:41','',0),('user4','email4@gmail.com','pass4','2016-12-19 17:05:41','',0),('user40','email40@gmail.com','pass40','2016-12-19 17:05:41','',0),('user41','email41@gmail.com','pass41','2016-12-19 17:05:41','',0),('user42','email42@gmail.com','pass42','2016-12-19 17:05:41','',0),('user43','email43@gmail.com','pass43','2016-12-19 17:05:41','',0),('user44','email44@gmail.com','pass44','2016-12-19 17:05:41','',0),('user45','email45@gmail.com','pass45','2016-12-19 17:05:41','',0),('user46','email46@gmail.com','pass46','2016-12-19 17:05:41','',0),('user47','email47@gmail.com','pass47','2016-12-19 17:05:41','',0),('user48','email48@gmail.com','pass48','2016-12-19 17:05:41','',0),('user49','email49@gmail.com','pass49','2016-12-19 17:05:41','',0),('user5','email5@gmail.com','pass5','2016-12-19 17:05:41','',0),('user50','email50@gmail.com','pass50','2016-12-19 17:05:41','',0),('user51','email51@gmail.com','pass51','2016-12-19 17:05:41','',0),('user52','email52@gmail.com','pass52','2016-12-19 17:05:41','',0),('user53','email53@gmail.com','pass53','2016-12-19 17:05:41','',0),('user54','email54@gmail.com','pass54','2016-12-19 17:05:41','',0),('user55','email55@gmail.com','pass55','2016-12-19 17:05:41','',0),('user56','email56@gmail.com','pass56','2016-12-19 17:05:41','',0),('user57','email57@gmail.com','pass57','2016-12-19 17:05:41','',0),('user58','email58@gmail.com','pass58','2016-12-19 17:05:41','',0),('user59','email59@gmail.com','pass59','2016-12-19 17:05:41','',0),('user6','email6@gmail.com','pass6','2016-12-19 17:05:41','',0),('user60','email60@gmail.com','pass60','2016-12-19 17:05:41','',0),('user61','email61@gmail.com','pass61','2016-12-19 17:05:41','',0),('user62','email62@gmail.com','pass62','2016-12-19 17:05:41','',0),('user63','email63@gmail.com','pass63','2016-12-19 17:05:41','',0),('user64','email64@gmail.com','pass64','2016-12-19 17:05:41','',0),('user65','email65@gmail.com','pass65','2016-12-19 17:05:41','',0),('user66','email66@gmail.com','pass66','2016-12-19 17:05:41','',0),('user67','email67@gmail.com','pass67','2016-12-19 17:05:41','',0),('user68','email68@gmail.com','pass68','2016-12-19 17:05:41','',0),('user69','email69@gmail.com','pass69','2016-12-19 17:05:41','',0),('user7','email7@gmail.com','pass7','2016-12-19 17:05:41','',0),('user70','email70@gmail.com','pass70','2016-12-19 17:05:41','',0),('user71','email71@gmail.com','pass71','2016-12-19 17:05:41','',0),('user72','email72@gmail.com','pass72','2016-12-19 17:05:41','',0),('user73','email73@gmail.com','pass73','2016-12-19 17:05:41','',0),('user74','email74@gmail.com','pass74','2016-12-19 17:05:41','',0),('user75','email75@gmail.com','pass75','2016-12-19 17:05:41','',0),('user76','email76@gmail.com','pass76','2016-12-19 17:05:41','',0),('user77','email77@gmail.com','pass77','2016-12-19 17:05:41','',0),('user78','email78@gmail.com','pass78','2016-12-19 17:05:41','',0),('user79','email79@gmail.com','pass79','2016-12-19 17:05:41','',0),('user8','email8@gmail.com','pass8','2016-12-19 17:05:41','',0),('user80','email80@gmail.com','pass80','2016-12-19 17:05:41','',0),('user81','email81@gmail.com','pass81','2016-12-19 17:05:41','',0),('user82','email82@gmail.com','pass82','2016-12-19 17:05:41','',0),('user83','email83@gmail.com','pass83','2016-12-19 17:05:41','',0),('user84','email84@gmail.com','pass84','2016-12-19 17:05:41','',0),('user85','email85@gmail.com','pass85','2016-12-19 17:05:41','',0),('user86','email86@gmail.com','pass86','2016-12-19 17:05:41','',0),('user87','email87@gmail.com','pass87','2016-12-19 17:05:41','',0),('user88','email88@gmail.com','pass88','2016-12-19 17:05:41','',0),('user89','email89@gmail.com','pass89','2016-12-19 17:05:41','',0),('user9','email9@gmail.com','pass9','2016-12-19 17:05:41','',0),('user90','email90@gmail.com','pass90','2016-12-19 17:05:41','',0),('user91','email91@gmail.com','pass91','2016-12-19 17:05:41','',0),('user92','email92@gmail.com','pass92','2016-12-19 17:05:41','',0),('user93','email93@gmail.com','pass93','2016-12-19 17:05:41','',0),('user94','email94@gmail.com','pass94','2016-12-19 17:05:41','',0),('user95','email95@gmail.com','pass95','2016-12-19 17:05:41','',0),('user96','email96@gmail.com','pass96','2016-12-19 17:05:41','',0),('user97','email97@gmail.com','pass97','2016-12-19 17:05:41','',0),('user98','email98@gmail.com','pass98','2016-12-19 17:05:41','',0),('user99','email99@gmail.com','pass99','2016-12-19 17:05:41','',0);

/*Table structure for table `fuel_analitics` */

DROP TABLE IF EXISTS `fuel_analitics`;

/*!50001 DROP VIEW IF EXISTS `fuel_analitics` */;
/*!50001 DROP TABLE IF EXISTS `fuel_analitics` */;

/*!50001 CREATE TABLE  `fuel_analitics`(
 `fuelTypeId` tinyint(3) unsigned ,
 `avg_price` decimal(8,7) ,
 `max_price` decimal(4,3) ,
 `min_price` decimal(4,3) 
)*/;

/*Table structure for table `user_permissions` */

DROP TABLE IF EXISTS `user_permissions`;

/*!50001 DROP VIEW IF EXISTS `user_permissions` */;
/*!50001 DROP TABLE IF EXISTS `user_permissions` */;

/*!50001 CREATE TABLE  `user_permissions`(
 `username` varchar(45) ,
 `source` varchar(6) ,
 `groupName` varchar(45) ,
 `myPermID` int(11) ,
 `permName` varchar(45) ,
 `method` varchar(455) 
)*/;

/*View structure for view fuel_analitics */

/*!50001 DROP TABLE IF EXISTS `fuel_analitics` */;
/*!50001 DROP VIEW IF EXISTS `fuel_analitics` */;

/*!50001 CREATE ALGORITHM=UNDEFINED DEFINER=`homestead`@`%` SQL SECURITY DEFINER VIEW `fuel_analitics` AS (select `pricedata`.`fuelTypeID` AS `fuelTypeId`,avg(`pricedata`.`fuelPrice`) AS `avg_price`,max(`pricedata`.`fuelPrice`) AS `max_price`,min(`pricedata`.`fuelPrice`) AS `min_price` from `pricedata` group by `pricedata`.`fuelTypeID`) */;

/*View structure for view user_permissions */

/*!50001 DROP TABLE IF EXISTS `user_permissions` */;
/*!50001 DROP VIEW IF EXISTS `user_permissions` */;

/*!50001 CREATE ALGORITHM=UNDEFINED DEFINER=`homestead`@`%` SQL SECURITY DEFINER VIEW `user_permissions` AS select `users`.`username` AS `username`,'group' AS `source`,`groups`.`groupName` AS `groupName`,`permissions`.`permID` AS `myPermID`,`permissions`.`permName` AS `permName`,`permissions`.`method` AS `method` from ((((`users` join `user_has_group`) join `groups`) join `group_has_permission`) join `permissions`) where ((`users`.`username` = `user_has_group`.`username`) and (`user_has_group`.`groupID` = `groups`.`groupID`) and (`user_has_group`.`groupID` = `group_has_permission`.`groupID`) and (`group_has_permission`.`permID` = `permissions`.`permID`)) union select `users`.`username` AS `username`,'direct' AS `source`,NULL AS `NULL`,`permissions`.`permID` AS `myPermID`,`permissions`.`permName` AS `permName`,`permissions`.`method` AS `method` from ((`users` join `user_has_permission`) join `permissions`) where ((`users`.`username` = `user_has_permission`.`username`) and (`user_has_permission`.`permID` = `permissions`.`permID`)) order by `myPermID` */;

/*!40101 SET SQL_MODE=@OLD_SQL_MODE */;
/*!40014 SET FOREIGN_KEY_CHECKS=@OLD_FOREIGN_KEY_CHECKS */;
/*!40014 SET UNIQUE_CHECKS=@OLD_UNIQUE_CHECKS */;
/*!40111 SET SQL_NOTES=@OLD_SQL_NOTES */;
